-- phpMyAdmin SQL Dump
-- version 4.8.0
-- https://www.phpmyadmin.net/
--
-- Host: 127.0.0.1
-- Generation Time: Oct 02, 2018 at 02:46 PM
-- Server version: 10.1.31-MariaDB
-- PHP Version: 7.2.4

SET SQL_MODE = "NO_AUTO_VALUE_ON_ZERO";
SET AUTOCOMMIT = 0;
START TRANSACTION;
SET time_zone = "+00:00";


/*!40101 SET @OLD_CHARACTER_SET_CLIENT=@@CHARACTER_SET_CLIENT */;
/*!40101 SET @OLD_CHARACTER_SET_RESULTS=@@CHARACTER_SET_RESULTS */;
/*!40101 SET @OLD_COLLATION_CONNECTION=@@COLLATION_CONNECTION */;
/*!40101 SET NAMES utf8mb4 */;

--
-- Database: `swautomationdb`
--

-- --------------------------------------------------------

--
-- Table structure for table `assesment_method`
--

CREATE TABLE `assesment_method` (
  `id` int(11) NOT NULL,
  `name` varchar(100) NOT NULL,
  `created_at` datetime NOT NULL DEFAULT CURRENT_TIMESTAMP
) ENGINE=InnoDB DEFAULT CHARSET=latin1;

--
-- Dumping data for table `assesment_method`
--

INSERT INTO `assesment_method` (`id`, `name`, `created_at`) VALUES
(1, 'Quiz', '2018-05-09 23:36:49'),
(2, 'Presentation', '2018-05-09 23:36:49'),
(3, 'Mid term Exam', '2018-05-09 23:36:49'),
(4, 'Final Exam', '2018-05-09 23:36:49'),
(5, 'Test', '2018-05-09 23:36:49'),
(6, 'Assigment', '2018-05-09 23:36:49'),
(7, 'Project', '2018-05-09 23:36:49'),
(8, 'Lab Experiments', '2018-05-09 23:36:49'),
(9, 'viva', '2018-05-12 17:59:31'),
(10, 'attendence', '2018-05-12 17:59:31'),
(11, 'lab book submission ', '2018-05-13 22:13:07'),
(12, 'final year project ', '2018-05-13 22:14:32'),
(13, 'final thesis ', '2018-05-13 22:14:32'),
(14, 'final presentation ', '2018-05-13 22:14:32'),
(15, 'initial presentation and project idea  ', '2018-05-13 22:14:32'),
(16, 'final practical test ', '2018-05-13 22:20:08');

-- --------------------------------------------------------

--
-- Table structure for table `batch`
--

CREATE TABLE `batch` (
  `batch` varchar(11) NOT NULL,
  `year` date NOT NULL,
  `created_at` datetime NOT NULL DEFAULT CURRENT_TIMESTAMP
) ENGINE=InnoDB DEFAULT CHARSET=latin1;

--
-- Dumping data for table `batch`
--

INSERT INTO `batch` (`batch`, `year`, `created_at`) VALUES
('13', '2013-01-01', '2018-04-28 01:06:22'),
('14', '2014-01-01', '2018-04-28 01:06:22'),
('15', '2015-01-01', '2018-04-28 01:06:22'),
('16', '2016-01-01', '2018-04-28 01:06:22'),
('17', '2017-10-22', '2018-04-28 01:06:22'),
('F-16', '2016-10-22', '2018-04-28 01:06:22');

-- --------------------------------------------------------

--
-- Table structure for table `books`
--

CREATE TABLE `books` (
  `ISBN` int(13) NOT NULL,
  `title` varchar(254) NOT NULL,
  `author` varchar(254) NOT NULL,
  `category` varchar(254) NOT NULL,
  `edition` int(11) NOT NULL,
  `rentalPrice` int(11) NOT NULL,
  `rentDuration` int(11) NOT NULL,
  `lang` varchar(100) NOT NULL,
  `deptId` int(11) NOT NULL,
  `status` tinyint(1) NOT NULL,
  `created_at` datetime NOT NULL DEFAULT CURRENT_TIMESTAMP
) ENGINE=InnoDB DEFAULT CHARSET=latin1;

-- --------------------------------------------------------

--
-- Table structure for table `campus`
--

CREATE TABLE `campus` (
  `id` int(11) NOT NULL,
  `name` varchar(255) NOT NULL,
  `isDeleted` tinyint(1) NOT NULL COMMENT '0 means not deleted and 1 means deleted',
  `created_at` datetime NOT NULL DEFAULT CURRENT_TIMESTAMP
) ENGINE=InnoDB DEFAULT CHARSET=latin1;

--
-- Dumping data for table `campus`
--

INSERT INTO `campus` (`id`, `name`, `isDeleted`, `created_at`) VALUES
(1, 'Main Campus', 0, '2018-05-09 14:22:01'),
(2, 'Khairpur campus', 0, '2018-05-09 14:22:01');

-- --------------------------------------------------------

--
-- Table structure for table `category`
--

CREATE TABLE `category` (
  `id` int(10) NOT NULL,
  `name` varchar(255) NOT NULL,
  `created_at` datetime NOT NULL DEFAULT CURRENT_TIMESTAMP
) ENGINE=InnoDB DEFAULT CHARSET=latin1;

-- --------------------------------------------------------

--
-- Table structure for table `challan`
--

CREATE TABLE `challan` (
  `id` int(11) NOT NULL,
  `rollNo` varchar(30) NOT NULL,
  `number` int(11) NOT NULL,
  `type` varchar(255) NOT NULL,
  `branchName` varchar(255) NOT NULL,
  `payAmount` int(11) NOT NULL,
  `submitDate` datetime NOT NULL,
  `created_at` datetime NOT NULL DEFAULT CURRENT_TIMESTAMP
) ENGINE=InnoDB DEFAULT CHARSET=latin1;

-- --------------------------------------------------------

--
-- Table structure for table `clo`
--

CREATE TABLE `clo` (
  `id` int(11) NOT NULL,
  `name` varchar(25) NOT NULL,
  `description` text NOT NULL,
  `totalMarks` smallint(5) NOT NULL,
  `created_at` datetime NOT NULL DEFAULT CURRENT_TIMESTAMP
) ENGINE=InnoDB DEFAULT CHARSET=latin1;

--
-- Dumping data for table `clo`
--

INSERT INTO `clo` (`id`, `name`, `description`, `totalMarks`, `created_at`) VALUES
(1, 'CLO1', 'Introduction', 50, '2018-05-10 23:27:03'),
(2, 'CLO3', 'Detail Knowledge of subject', 50, '2018-05-10 23:27:03'),
(3, 'CLO1', 'Introduction to subject', 50, '2018-05-11 00:35:13'),
(4, 'CLO2', 'Detailed knowledge', 50, '2018-05-11 00:35:13'),
(5, 'CLO3', 'Technical knowledge', 50, '2018-05-11 00:35:13'),
(6, 'CLO1', 'Introduction', 40, '2018-05-11 00:35:13'),
(7, 'CLO3', 'Technical and detailed knowledge', 70, '2018-05-11 00:35:13'),
(8, 'CLO4', 'practical knowledge', 40, '2018-05-11 00:35:13'),
(9, 'CLO2', 'Grammar knowlwdge ', 40, '2018-05-11 00:35:13'),
(10, 'CLO3', 'Formal writing and communication skills', 60, '2018-05-11 00:35:13'),
(11, 'CLO2', 'Basic and circuit knowlwdge', 40, '2018-05-11 00:35:13'),
(12, 'CLO3', 'Technical and advance knowledge', 60, '2018-05-11 00:35:13'),
(13, 'CLO4', 'Practical skills', 50, '2018-05-11 00:35:13'),
(14, 'CLO1', 'Basic knowledge and sorting algorithm', 50, '2018-05-12 15:16:30'),
(15, 'CLO2', 'Queue graph and link list understanding', 50, '2018-05-12 15:16:30'),
(16, 'CLO4', 'Practical work implemetation', 50, '2018-05-12 15:16:30'),
(17, 'CLO1', 'Basic understanding\r\n ', 30, '2018-05-12 15:16:30'),
(18, 'CLO3', 'Logical tables gate and advanced knowledge', 70, '2018-05-12 15:16:30'),
(19, 'CLO4', 'practical implementation ', 50, '2018-05-12 15:16:30'),
(20, 'CLO1', 'Introduction and basic understanding', 40, '2018-05-13 12:30:14'),
(21, 'CLO3', 'Complete understanding\r\n', 60, '2018-05-13 12:30:14'),
(22, 'CLO4', 'History of pakistan , current affair knowledge ', 50, '2018-05-13 12:54:44'),
(23, 'CLO2', 'Islamic knowledge/Ethical understanding', 50, '2018-05-13 12:54:44'),
(24, 'CLO3', 'moral , ethical values. Ethical behavior\r\n ', 50, '2018-05-13 12:54:44'),
(25, 'CLO5', 'Economical understanding and software management ', 50, '2018-05-13 12:54:44'),
(26, 'CLO1', 'Basic undersatnding', 40, '2018-05-13 12:54:44'),
(27, 'CLO3', 'advanced knowledge ', 70, '2018-05-13 12:54:44'),
(28, 'CLO4', 'technical understanding and practical knowledge  ', 40, '2018-05-13 12:54:44'),
(29, 'CLO1', 'Basic understanding of subject ', 40, '2018-05-13 12:54:44'),
(30, 'CLO2', 'Advanced and technical understanding ', 60, '2018-05-13 12:54:44'),
(31, 'CLO2', 'knowledge of subject ', 30, '2018-05-13 12:54:44'),
(32, 'CLO5', 'advanced understanding ', 70, '2018-05-13 12:54:44'),
(33, 'CLO2', 'subject understanding and basic knowledge ', 25, '2018-05-13 13:44:00'),
(34, 'CLO3', 'complete knowledge of subject outline', 75, '2018-05-13 13:44:00'),
(35, 'CLO1', 'introduction to java , core java basic concepts class, object ,static members,\r\nprimitive data types  ', 40, '2018-05-13 13:44:00'),
(36, 'CLO3', 'advanced concepts, wrapper classes ,String , String Builder ,OOP concepts ', 80, '2018-05-13 13:44:00'),
(37, 'CLO6', 'Multithreding, generic object ', 30, '2018-05-13 13:44:00'),
(38, 'CLO1', 'basic understanding of sql queries,\r\ngroup function ', 30, '2018-05-13 13:44:00'),
(39, 'CLO2', 'joins dcl ddl etc operation ', 60, '2018-05-13 13:44:00'),
(40, 'CLO4', 'database structure knowledge pl/sql ', 60, '2018-05-13 13:44:00'),
(41, 'CLO1', 'basic understanding ', 40, '2018-05-13 13:44:00'),
(42, 'CLO3', 'advanced understanding ', 60, '2018-05-13 13:44:00'),
(43, 'CLO1', 'introduction to microprocessor ', 20, '2018-05-13 13:44:00'),
(44, 'CLO2', '8080 microprocessor knowledge \r\nand 8085 microprocessor ', 90, '2018-05-13 13:55:38'),
(45, 'CLO3', 'assembly level programming ', 40, '2018-05-13 13:55:38'),
(46, 'CLO1', 'basic understanding ', 50, '2018-05-13 14:39:51'),
(47, 'CLO2', 'advance understanding ', 50, '2018-05-13 14:39:51'),
(48, 'CLO1', 'understanding of FA NFA TG etc', 50, '2018-05-13 14:39:51'),
(49, 'CLO3', 'understanding of regular expression etc ', 50, '2018-05-13 14:39:51'),
(50, 'CLO1', 'basic understanding of signal cosine sine waves ', 40, '2018-05-13 14:39:51'),
(51, 'CLO2', 'details knowledge of signal analysis ', 60, '2018-05-13 14:39:51'),
(52, 'CLO4', 'advanced concepts of signals ', 50, '2018-05-13 14:39:51'),
(53, 'CLO1', 'definition, explanation of hci and understanding of agent ', 40, '2018-05-13 14:39:51'),
(54, 'CLO3', 'Machine learning Api , NLP understanding,\r\netc ', 60, '2018-05-13 14:39:51'),
(55, 'CLO6', 'expert system knowledge etc', 50, '2018-05-13 14:39:51'),
(56, 'CLO1', 'basic ', 50, '2018-05-13 14:56:36'),
(57, 'CLO2', 'advanced', 50, '2018-05-13 14:56:36'),
(58, 'CLO1', 'Introduction to android os activity life cycle intents types of intents ', 30, '2018-05-13 14:56:36'),
(59, 'CLO2', 'service ,sensors, broadcast receiver, gesture understanding etc ', 60, '2018-05-13 14:56:36'),
(60, 'CLO4', 'location database knowledge ', 60, '2018-05-13 14:56:36'),
(61, 'CLO1', 'basic knowledge of networks ,topologies  etc', 50, '2018-05-13 14:56:36'),
(62, 'CLO2', 'subnet masking understanding ', 30, '2018-05-13 14:56:36'),
(63, 'CLO4', 'all advanced concepts ', 70, '2018-05-13 14:56:36'),
(64, 'CLO2', 'Basic knowledge ', 50, '2018-05-13 14:56:36'),
(65, 'CLO4', 'Intermediate ', 50, '2018-05-13 14:56:36'),
(66, 'CLO6', 'advanced ', 50, '2018-05-13 14:56:36'),
(67, 'CLO1', 'basic', 50, '2018-05-13 17:20:02'),
(68, 'CLO2', 'advanced ', 50, '2018-05-13 17:20:02'),
(69, 'CLO1', 'basic', 40, '2018-05-13 17:20:02'),
(70, 'CLO3', 'intermediate ', 60, '2018-05-13 17:20:02'),
(71, 'CLO4', 'advanced', 50, '2018-05-13 17:20:02'),
(72, 'CLO1', 'formal writing skills', 50, '2018-05-13 17:20:02'),
(73, 'CLO1', 'understanding of basic concepts \r\n text , images ', 40, '2018-05-13 17:20:02'),
(74, 'CLO2', 'sound audio video animation concepts ', 50, '2018-05-13 17:20:02'),
(75, 'CLO4', 'understanding of tools adobe photoshop etc ', 30, '2018-05-13 17:20:02'),
(76, 'CLO6', 'open Gl and programming ', 30, '2018-05-13 17:20:02'),
(77, 'CLO2', 'Introduction to web technologies , front end and back end technologies.page ranking concepts  ', 20, '2018-05-13 17:33:57'),
(78, 'CLO3', 'HTML and CSS understanding ', 50, '2018-05-13 17:33:57'),
(79, 'CLO5', 'JavaScript knowledge  ', 20, '2018-05-13 17:33:57'),
(80, 'CLO6', 'Php and my sql ', 60, '2018-05-13 17:33:57'),
(81, 'CLO1', 'basic', 50, '2018-05-13 17:33:57'),
(82, 'CLO2', 'design pattern ', 50, '2018-05-13 17:33:57'),
(83, 'CLO3', 'advanced concepts ', 50, '2018-05-13 17:33:57'),
(84, 'CLO2', 'basic concepts ', 50, '2018-05-13 17:33:57'),
(85, 'CLO2', 'intermediate ', 50, '2018-05-13 17:33:57'),
(86, 'CLO3', 'advanced ', 50, '2018-05-13 17:33:57'),
(87, 'CLO1', 'basic ', 50, '2018-05-13 17:45:30'),
(88, 'CLO3', 'intermediate ', 50, '2018-05-13 17:45:30'),
(89, 'CLO4', 'advance ', 50, '2018-05-13 17:45:30'),
(90, 'CLO2', 'basic ', 50, '2018-05-13 17:45:30'),
(91, 'CLO3', 'intermediate ', 50, '2018-05-13 17:45:30'),
(92, 'CLO4', 'advance ', 50, '2018-05-13 17:45:30'),
(93, 'CLO1', 'basic', 50, '2018-05-13 17:45:30'),
(94, 'CLO2', 'intermediate ', 50, '2018-05-13 17:45:30'),
(95, 'CLO4', 'advance', 50, '2018-05-13 17:45:30'),
(96, 'CLO1', 'Initial presentation ', 10, '2018-05-13 17:45:30'),
(97, 'CLO2', 'complete project ', 120, '2018-05-13 17:45:30'),
(98, 'CLO4', 'Thesis ', 40, '2018-05-13 17:45:30'),
(99, 'CLO6', 'final presentation ', 30, '2018-05-13 17:45:30');

-- --------------------------------------------------------

--
-- Table structure for table `clo_assesment`
--

CREATE TABLE `clo_assesment` (
  `cloId` int(11) NOT NULL,
  `assesId` int(11) NOT NULL,
  `assesName` varchar(100) NOT NULL,
  `totalMarks` smallint(6) NOT NULL,
  `type` tinyint(1) NOT NULL COMMENT '1 means theory and 0 means practical ',
  `created_at` datetime NOT NULL DEFAULT CURRENT_TIMESTAMP
) ENGINE=InnoDB DEFAULT CHARSET=latin1;

--
-- Dumping data for table `clo_assesment`
--

INSERT INTO `clo_assesment` (`cloId`, `assesId`, `assesName`, `totalMarks`, `type`, `created_at`) VALUES
(1, 3, 'Mid Exam', 20, 1, '2018-05-13 22:29:10'),
(1, 4, 'final exam ', 20, 1, '2018-05-13 22:29:10'),
(1, 5, 'Test1', 10, 1, '2018-05-13 22:29:10'),
(2, 4, 'final exam ', 40, 1, '2018-05-13 22:29:10'),
(2, 2, 'presentation1', 10, 1, '2018-05-13 22:29:10'),
(3, 3, 'mid exam ', 15, 1, '2018-05-13 22:29:10'),
(3, 4, 'final exam', 15, 1, '2018-05-13 22:29:10'),
(3, 6, 'Assignment ', 10, 1, '2018-05-13 22:29:10'),
(3, 5, 'Test', 10, 0, '2018-05-13 22:29:10'),
(4, 3, 'mid exam ', 5, 1, '2018-05-13 22:29:10'),
(4, 4, 'final exam ', 25, 1, '2018-05-13 22:29:10'),
(4, 8, 'lab experiments ', 15, 0, '2018-05-13 22:29:10'),
(4, 1, 'quiz', 5, 0, '2018-05-13 22:29:10'),
(5, 4, 'final exam ', 20, 1, '2018-05-13 22:29:10'),
(5, 2, 'presentation ', 10, 1, '2018-05-13 22:29:10'),
(5, 7, 'project ', 10, 0, '2018-05-13 22:29:10'),
(5, 9, 'viva ', 10, 0, '2018-05-13 22:29:10'),
(6, 3, 'mid exam ', 20, 1, '2018-05-13 22:44:26'),
(6, 4, 'final exam ', 20, 1, '2018-05-13 22:44:26'),
(7, 4, 'final exam ', 30, 1, '2018-05-13 22:44:26'),
(7, 9, 'viva ', 15, 0, '2018-05-13 22:44:26'),
(7, 8, 'lab experiments ', 15, 0, '2018-05-13 22:44:26'),
(7, 5, 'test1', 10, 1, '2018-05-13 22:44:26'),
(8, 4, 'final exam', 10, 1, '2018-05-13 22:44:26'),
(8, 6, 'assignment ', 10, 1, '2018-05-13 22:44:26'),
(8, 7, 'project ', 10, 0, '2018-05-13 22:44:26'),
(8, 16, 'viva', 10, 0, '2018-05-13 22:44:26'),
(9, 3, 'mid exam ', 20, 1, '2018-05-13 22:51:20'),
(9, 4, 'final exam', 20, 1, '2018-05-13 22:51:20'),
(10, 4, 'final exam ', 40, 1, '2018-05-13 22:51:20'),
(10, 5, 'test 1', 5, 1, '2018-05-13 22:51:20'),
(10, 5, 'test 2', 5, 1, '2018-05-13 22:51:20'),
(10, 2, 'presentation ', 10, 1, '2018-05-13 22:51:20'),
(11, 3, 'mid exam ', 10, 1, '2018-05-13 23:05:59'),
(11, 4, 'final exame', 10, 1, '2018-05-13 23:05:59'),
(11, 10, 'attendance ', 10, 1, '2018-05-13 23:05:59'),
(11, 8, 'labs ', 10, 0, '2018-05-13 23:05:59'),
(12, 3, 'mid exam ', 10, 1, '2018-05-13 23:05:59'),
(12, 4, 'final exam', 30, 1, '2018-05-13 23:05:59'),
(12, 9, 'viva', 10, 0, '2018-05-13 23:05:59'),
(12, 1, 'quiz', 10, 0, '2018-05-13 23:05:59'),
(13, 4, 'final exam ', 20, 1, '2018-05-13 23:05:59'),
(13, 6, 'assigment', 10, 1, '2018-05-13 23:05:59'),
(13, 16, 'final test ', 20, 0, '2018-05-13 23:05:59'),
(14, 4, 'final exam', 20, 1, '2018-05-15 12:23:56'),
(14, 3, 'mid exam', 15, 1, '2018-05-15 12:23:56'),
(14, 5, 'test', 5, 1, '2018-05-15 12:23:56'),
(14, 8, 'lab experiments', 10, 0, '2018-05-15 12:23:56'),
(15, 3, 'mid exam', 5, 1, '2018-05-15 12:23:56'),
(15, 4, 'final exam ', 20, 1, '2018-05-15 12:23:56'),
(15, 6, 'assigment1', 5, 1, '2018-05-15 12:23:56'),
(15, 6, 'assigment2', 5, 1, '2018-05-15 12:23:56'),
(15, 5, 'test', 10, 0, '2018-05-15 12:23:56'),
(15, 11, 'lab book ', 5, 0, '2018-05-15 12:23:56'),
(16, 4, 'final exam ', 20, 1, '2018-05-15 12:23:56'),
(16, 10, 'attendence', 5, 1, '2018-05-15 12:23:56'),
(16, 16, 'practical test', 10, 0, '2018-05-15 12:23:56'),
(16, 7, 'project', 15, 0, '2018-05-15 12:23:56'),
(17, 3, 'mid exam ', 15, 1, '2018-05-15 12:42:23'),
(17, 5, 'test1', 5, 1, '2018-05-15 12:42:23'),
(17, 5, 'test2', 5, 0, '2018-05-15 12:42:23'),
(17, 10, 'lab attendance ', 5, 0, '2018-05-15 12:42:23'),
(18, 3, 'mid exam ', 5, 1, '2018-05-15 12:42:23'),
(18, 4, 'final exam ', 30, 1, '2018-05-15 12:42:23'),
(18, 5, 'test2', 10, 1, '2018-05-15 12:42:23'),
(18, 8, 'lab task', 10, 0, '2018-05-15 12:42:23'),
(18, 9, 'viva', 10, 0, '2018-05-15 12:42:23'),
(18, 7, 'project', 5, 0, '2018-05-15 12:42:23'),
(19, 4, 'final exam ', 30, 1, '2018-05-15 12:42:23'),
(19, 10, 'attendence', 5, 1, '2018-05-15 12:42:23'),
(19, 16, 'practical test', 10, 0, '2018-05-15 12:42:23'),
(19, 7, 'project', 5, 0, '2018-05-15 12:42:23'),
(20, 3, 'mid exam ', 20, 1, '2018-05-15 13:02:22'),
(20, 4, 'final exam ', 10, 1, '2018-05-15 13:02:22'),
(20, 10, 'attendence', 10, 1, '2018-05-15 13:02:22'),
(21, 4, 'final exam ', 50, 1, '2018-05-15 13:02:22'),
(21, 5, 'test', 10, 1, '2018-05-15 13:02:22'),
(22, 3, 'mid exam ', 10, 1, '2018-05-15 13:04:51'),
(22, 4, 'final exam ', 30, 1, '2018-05-15 13:04:51'),
(22, 5, 'test', 5, 1, '2018-05-15 13:04:51'),
(22, 6, 'assignment ', 5, 1, '2018-05-15 13:04:51'),
(23, 3, 'mid exam ', 10, 1, '2018-05-15 13:06:59'),
(23, 4, 'final exam ', 30, 1, '2018-05-15 13:06:59'),
(23, 5, 'test', 5, 1, '2018-05-15 13:06:59'),
(23, 1, 'quiz', 5, 1, '2018-05-15 13:06:59'),
(24, 3, 'mid exam ', 10, 1, '2018-05-15 13:10:52'),
(24, 4, 'final exam ', 30, 1, '2018-05-15 13:10:52'),
(24, 6, 'assignment', 5, 1, '2018-05-15 13:10:52'),
(24, 2, 'presentation', 5, 1, '2018-05-15 13:10:52'),
(25, 3, 'mid exam ', 10, 1, '2018-05-15 13:10:52'),
(25, 4, 'final exam ', 30, 1, '2018-05-15 13:10:52'),
(25, 10, 'attendence', 5, 1, '2018-05-15 13:10:52'),
(25, 6, 'assignment ', 5, 1, '2018-05-15 13:10:52'),
(26, 3, 'mid exam ', 15, 1, '2018-05-15 13:52:24'),
(26, 4, 'final exam ', 5, 1, '2018-05-15 13:52:24'),
(26, 5, 'test1', 10, 1, '2018-05-15 13:52:24'),
(26, 8, 'lab task', 10, 0, '2018-05-15 13:52:24'),
(27, 3, 'mid exam ', 5, 1, '2018-05-15 13:52:24'),
(27, 4, 'final exam ', 30, 1, '2018-05-15 13:52:24'),
(27, 5, 'test', 10, 0, '2018-05-15 13:52:24'),
(27, 9, 'viva', 10, 0, '2018-05-15 13:52:24'),
(27, 6, 'assignment', 10, 1, '2018-05-15 13:52:24'),
(27, 11, 'lab book ', 5, 0, '2018-05-15 13:52:24'),
(28, 4, 'final exam ', 25, 1, '2018-05-15 13:52:24'),
(28, 7, 'project', 10, 0, '2018-05-15 13:52:24'),
(28, 1, 'quiz', 5, 0, '2018-05-15 13:52:24'),
(31, 3, 'mid exam ', 15, 1, '2018-05-15 14:41:43'),
(29, 3, 'mid exam ', 20, 1, '2018-05-15 14:41:43'),
(29, 4, 'final exam ', 10, 1, '2018-05-15 14:41:43'),
(29, 5, 'test1', 10, 1, '2018-05-15 14:41:43'),
(30, 4, 'final exam ', 50, 1, '2018-05-15 14:41:43'),
(30, 5, 'test2', 5, 1, '2018-05-15 14:41:43'),
(30, 6, 'assignment', 5, 1, '2018-05-15 14:41:43'),
(31, 4, 'final exam', 5, 1, '2018-05-15 14:41:43'),
(31, 10, 'attendance ', 10, 1, '2018-05-15 14:41:43'),
(32, 4, 'final exam ', 55, 1, '2018-05-15 14:41:43'),
(32, 3, 'mid exam ', 5, 1, '2018-05-15 14:41:43'),
(32, 7, 'project', 10, 1, '2018-05-15 14:41:43'),
(33, 3, 'mid exam ', 15, 1, '2018-05-15 22:33:22'),
(33, 4, 'final exam ', 5, 1, '2018-05-15 22:33:22'),
(33, 5, 'test1', 5, 1, '2018-05-15 22:33:22'),
(34, 3, 'mid exam ', 5, 1, '2018-05-15 22:33:22'),
(34, 4, 'final exam ', 55, 1, '2018-05-15 22:33:22'),
(34, 5, 'test2', 5, 1, '2018-05-15 22:33:22'),
(34, 6, 'assignment', 10, 1, '2018-05-15 22:33:22'),
(35, 3, 'mid exam ', 15, 1, '2018-05-15 22:44:15'),
(35, 4, 'final exam ', 5, 1, '2018-05-15 22:44:15'),
(35, 8, 'lab task', 5, 0, '2018-05-15 22:44:15'),
(35, 9, 'viva', 5, 0, '2018-05-15 22:44:15'),
(35, 10, 'attendance ', 10, 1, '2018-05-15 22:44:15'),
(36, 3, 'mid exam ', 5, 1, '2018-05-15 22:44:15'),
(36, 4, 'final exam ', 40, 1, '2018-05-15 22:44:15'),
(36, 8, 'lab task ', 10, 0, '2018-05-15 22:44:15'),
(36, 7, 'project ', 10, 0, '2018-05-15 22:44:15'),
(36, 5, 'test', 5, 1, '2018-05-15 22:44:15'),
(36, 9, 'viva', 10, 0, '2018-05-15 22:44:15'),
(37, 4, 'final exam ', 15, 1, '2018-05-15 22:44:15'),
(37, 5, 'test', 5, 1, '2018-05-15 22:44:15'),
(37, 16, 'practical test', 10, 0, '2018-05-15 22:44:15'),
(38, 3, 'mid exam ', 10, 1, '2018-05-15 22:54:26'),
(38, 4, 'final exam ', 5, 1, '2018-05-15 22:54:26'),
(38, 8, 'lab task ', 5, 0, '2018-05-15 22:54:26'),
(38, 9, 'viva', 5, 0, '2018-05-15 22:54:26'),
(38, 10, 'attendance ', 5, 1, '2018-05-15 22:54:26'),
(39, 3, 'mid exam ', 10, 1, '2018-05-15 22:54:26'),
(39, 4, 'final exam ', 25, 1, '2018-05-15 22:54:26'),
(39, 7, 'projecr', 10, 0, '2018-05-15 22:54:26'),
(39, 9, 'viva', 5, 0, '2018-05-15 22:54:26'),
(39, 5, 'test', 10, 1, '2018-05-15 22:54:26'),
(40, 4, 'final exam ', 30, 1, '2018-05-15 22:54:26'),
(40, 2, 'presentation ', 5, 1, '2018-05-15 22:54:26'),
(40, 9, 'viva', 5, 0, '2018-05-15 22:54:26'),
(40, 16, 'final test', 10, 0, '2018-05-15 22:54:26'),
(40, 8, 'lab task ', 10, 0, '2018-05-15 22:54:26'),
(41, 3, 'mid exam', 15, 1, '2018-05-15 23:00:14'),
(41, 4, 'final exam ', 10, 1, '2018-05-15 23:00:14'),
(41, 5, 'test', 5, 1, '2018-05-15 23:00:14'),
(41, 10, 'attendance ', 10, 1, '2018-05-15 23:00:14'),
(42, 3, 'mid exam ', 5, 1, '2018-05-15 23:00:14'),
(42, 4, 'final exam', 50, 1, '2018-05-15 23:00:14'),
(42, 5, 'test2', 5, 1, '2018-05-15 23:00:14'),
(43, 3, 'mid exam', 10, 1, '2018-05-15 23:08:11'),
(43, 9, 'viva', 5, 0, '2018-05-15 23:08:11'),
(43, 8, 'lab task', 5, 0, '2018-05-15 23:08:11'),
(44, 3, 'mid exam ', 10, 1, '2018-05-15 23:08:11'),
(44, 4, 'final exam ', 40, 1, '2018-05-15 23:08:11'),
(44, 7, 'project', 10, 0, '2018-05-15 23:08:11'),
(44, 9, 'viva', 10, 0, '2018-05-15 23:08:11'),
(44, 5, 'test', 10, 1, '2018-05-15 23:08:11'),
(44, 16, 'final test', 10, 0, '2018-05-15 23:08:11'),
(45, 4, 'final exam ', 20, 1, '2018-05-15 23:08:11'),
(45, 6, 'assignment', 10, 1, '2018-05-15 23:08:11'),
(45, 8, 'lab task', 10, 0, '2018-05-15 23:08:11'),
(46, 3, 'mid exam ', 20, 1, '2018-05-15 23:21:09'),
(46, 4, 'final exam ', 15, 1, '2018-05-15 23:21:09'),
(46, 5, 'test', 10, 1, '2018-05-15 23:21:09'),
(46, 1, 'quiz', 5, 1, '2018-05-15 23:21:09'),
(47, 4, 'final exam ', 45, 1, '2018-05-15 23:21:09'),
(47, 5, 'test', 5, 1, '2018-05-15 23:21:09'),
(48, 3, 'mid exam', 20, 1, '2018-05-17 09:42:05'),
(48, 4, 'final exam ', 20, 1, '2018-05-17 09:42:05'),
(48, 10, 'attendence', 10, 1, '2018-05-17 09:42:05'),
(49, 4, 'final exam ', 40, 1, '2018-05-17 09:42:05'),
(49, 5, 'test1', 5, 1, '2018-05-17 09:42:05'),
(49, 5, 'test2', 5, 1, '2018-05-17 09:42:05'),
(50, 3, 'mid exam', 15, 1, '2018-05-17 10:08:35'),
(50, 8, 'lab task ', 10, 0, '2018-05-17 10:08:35'),
(50, 5, 'test', 5, 1, '2018-05-17 10:08:35'),
(50, 10, 'attendence', 10, 1, '2018-05-17 10:08:35'),
(51, 3, 'mid exam ', 5, 1, '2018-05-17 10:08:35'),
(51, 4, 'final exam ', 35, 1, '2018-05-17 10:08:35'),
(51, 9, 'viva', 10, 0, '2018-05-17 10:08:35'),
(51, 5, 'test', 5, 1, '2018-05-17 10:08:35'),
(51, 11, 'lab submission', 5, 0, '2018-05-17 10:08:35'),
(52, 4, 'final exam ', 25, 1, '2018-05-17 10:08:35'),
(52, 16, 'test', 10, 0, '2018-05-17 10:08:35'),
(52, 9, 'viva', 5, 0, '2018-05-17 10:08:35'),
(52, 7, 'project', 10, 0, '2018-05-17 10:08:35'),
(53, 3, 'mid exam', 20, 1, '2018-05-30 18:29:11'),
(53, 4, 'final exam', 5, 1, '2018-05-30 18:29:11'),
(53, 9, 'viva', 5, 0, '2018-05-30 18:29:11'),
(53, 5, 'test', 5, 0, '2018-05-30 18:29:11'),
(53, 1, 'quiz', 5, 1, '2018-05-30 18:29:11'),
(54, 4, 'final exam ', 30, 1, '2018-05-30 18:29:11'),
(54, 9, 'viva', 5, 0, '2018-05-30 18:29:11'),
(54, 5, 'test', 10, 1, '2018-05-30 18:29:11'),
(54, 5, 'test', 10, 0, '2018-05-30 18:29:11'),
(54, 8, 'lab task', 5, 0, '2018-05-30 18:29:11'),
(55, 4, 'final exam ', 25, 1, '2018-05-30 18:29:11'),
(55, 2, 'presentation', 5, 1, '2018-05-30 18:29:11'),
(55, 9, 'viva', 5, 0, '2018-05-30 18:29:11'),
(55, 16, 'final test', 15, 0, '2018-05-30 18:29:11'),
(56, 3, 'mid exam ', 20, 1, '2018-05-30 18:32:30'),
(56, 5, 'test', 10, 1, '2018-05-30 18:32:30'),
(56, 4, 'final exam', 20, 1, '2018-05-30 18:32:30'),
(57, 4, 'final exam ', 40, 1, '2018-05-30 18:32:30'),
(57, 7, 'project ', 10, 1, '2018-05-30 18:32:30'),
(58, 3, 'mid exam ', 15, 1, '2018-05-30 18:35:01'),
(58, 5, 'test', 5, 0, '2018-05-30 18:35:01'),
(58, 9, 'viva', 5, 0, '2018-05-30 18:55:27'),
(58, 5, 'test', 5, 1, '2018-05-30 18:55:27'),
(59, 3, 'mid exam ', 5, 1, '2018-05-30 18:55:27'),
(59, 4, 'final exam ', 30, 1, '2018-05-30 18:55:27'),
(59, 9, 'viva', 5, 0, '2018-05-30 18:55:27'),
(59, 5, 'test', 10, 1, '2018-05-30 18:55:27'),
(59, 2, 'presentation', 10, 0, '2018-05-30 18:55:27'),
(60, 4, 'final exam', 30, 1, '2018-05-30 19:01:58'),
(60, 1, 'quiz', 5, 1, '2018-05-30 19:01:58'),
(60, 9, 'viva', 5, 0, '2018-05-30 19:01:58'),
(60, 7, 'project', 10, 0, '2018-05-30 19:02:56'),
(60, 16, 'final test', 10, 0, '2018-05-30 19:02:56'),
(61, 3, 'mid exam', 20, 1, '2018-05-30 20:46:13'),
(61, 4, 'final exam ', 10, 1, '2018-05-30 20:46:13'),
(61, 9, 'viva', 5, 0, '2018-05-30 20:46:13'),
(61, 5, 'test', 10, 1, '2018-05-30 20:46:13'),
(61, 8, 'lab task', 5, 0, '2018-05-30 20:46:13'),
(62, 4, 'final exam ', 20, 1, '2018-05-30 20:46:13'),
(62, 9, 'viva', 5, 0, '2018-05-30 20:46:13'),
(62, 1, 'quiz', 5, 0, '2018-05-30 20:46:13'),
(63, 4, 'final exam ', 30, 1, '2018-05-30 20:46:13'),
(63, 2, 'presentation', 10, 1, '2018-05-30 20:46:13'),
(63, 7, 'project', 10, 0, '2018-05-30 20:46:13'),
(63, 9, 'viva', 10, 0, '2018-05-30 20:46:13'),
(63, 16, 'final practical test', 10, 0, '2018-05-30 20:46:13'),
(64, 3, 'mid exam ', 20, 1, '2018-05-30 22:18:08'),
(64, 4, 'final exam ', 10, 1, '2018-05-30 22:18:08'),
(64, 9, 'viva', 5, 0, '2018-05-30 22:18:08'),
(64, 8, 'lab task', 10, 0, '2018-05-30 22:18:08'),
(64, 5, 'test', 5, 1, '2018-05-30 22:18:08'),
(65, 4, 'final exam ', 25, 1, '2018-05-30 22:18:08'),
(65, 9, 'viva', 5, 0, '2018-05-30 22:18:08'),
(65, 5, 'test', 10, 1, '2018-05-30 22:18:08'),
(65, 7, 'project', 10, 0, '2018-05-30 22:18:08'),
(66, 4, 'final exam ', 25, 1, '2018-05-30 22:18:08'),
(66, 9, 'viva', 5, 0, '2018-05-30 22:18:08'),
(66, 1, 'quiz', 5, 1, '2018-05-30 22:18:08'),
(66, 16, 'final practical test', 15, 0, '2018-05-30 22:18:08'),
(67, 3, 'mid exam ', 20, 1, '2018-05-30 22:21:25'),
(67, 4, 'final exam ', 20, 1, '2018-05-30 22:21:25'),
(67, 5, 'test', 10, 1, '2018-05-30 22:21:25'),
(68, 4, 'final exam ', 40, 1, '2018-05-30 22:21:25'),
(68, 2, 'presentation ', 10, 1, '2018-05-30 22:21:25'),
(69, 3, 'mid exam', 20, 1, '2018-05-30 22:33:35'),
(69, 5, 'test', 10, 1, '2018-05-30 22:33:35'),
(69, 8, 'lab task', 10, 0, '2018-05-30 22:33:35'),
(70, 4, 'final exam ', 30, 1, '2018-05-30 22:33:35'),
(70, 9, 'viva', 10, 0, '2018-05-30 22:33:35'),
(70, 2, 'presentation', 10, 1, '2018-05-30 22:33:35'),
(70, 5, 'test', 10, 0, '2018-05-30 22:33:35'),
(71, 4, 'final exam ', 30, 1, '2018-05-30 22:33:35'),
(71, 7, 'project', 10, 0, '2018-05-30 22:33:35'),
(71, 16, 'final practical test', 10, 0, '2018-05-30 22:33:35'),
(72, 3, 'mid exam', 10, 1, '2018-05-30 22:36:45'),
(72, 4, 'final exam', 30, 1, '2018-05-30 22:36:45'),
(72, 5, 'test', 5, 1, '2018-05-30 22:36:45'),
(72, 2, 'presentation', 5, 1, '2018-05-30 22:36:45'),
(73, 3, 'mid exam', 20, 1, '2018-05-30 22:50:18'),
(73, 5, 'test', 10, 1, '2018-05-30 22:50:18'),
(73, 8, 'lab task', 10, 0, '2018-05-30 22:50:18'),
(74, 4, 'final exam', 30, 1, '2018-05-30 22:50:18'),
(74, 9, 'viva', 10, 0, '2018-05-30 22:50:18'),
(74, 7, 'project', 10, 0, '2018-05-30 22:50:18'),
(75, 4, 'final exam', 15, 1, '2018-05-30 22:50:18'),
(75, 2, 'presentation', 10, 1, '2018-05-30 22:50:18'),
(75, 11, 'lab book submission', 5, 0, '2018-05-30 22:50:18'),
(76, 4, 'final exam', 15, 1, '2018-05-30 22:50:18'),
(76, 16, 'final practical test', 10, 0, '2018-05-30 22:50:18'),
(76, 9, 'viva', 5, 0, '2018-05-30 22:50:18'),
(77, 3, 'mid exam ', 5, 1, '2018-05-31 12:09:05'),
(77, 5, 'test', 5, 1, '2018-05-31 12:09:05'),
(77, 9, 'viva', 5, 0, '2018-05-31 12:09:05'),
(77, 6, 'assignment', 5, 1, '2018-05-31 12:09:05'),
(78, 3, 'mid exam', 10, 1, '2018-05-31 12:09:05'),
(78, 4, 'final exam ', 10, 1, '2018-05-31 12:09:05'),
(78, 5, 'test', 10, 1, '2018-05-31 12:09:05'),
(78, 8, 'lab task', 10, 0, '2018-05-31 12:09:05'),
(78, 2, 'presentation', 10, 0, '2018-05-31 12:09:05'),
(79, 3, 'mid exam ', 5, 1, '2018-05-31 12:09:05'),
(79, 4, 'final exam ', 10, 1, '2018-05-31 12:09:05'),
(79, 9, 'viva', 5, 0, '2018-05-31 12:09:05'),
(80, 4, 'final exam', 40, 1, '2018-05-31 12:09:05'),
(80, 7, 'project', 10, 0, '2018-05-31 12:09:05'),
(80, 16, 'final practical test', 10, 0, '2018-05-31 12:09:05'),
(81, 3, 'mid exam ', 20, 1, '2018-05-31 12:25:12'),
(81, 4, 'final exam', 10, 1, '2018-05-31 12:25:12'),
(81, 5, 'test', 10, 1, '2018-05-31 12:25:12'),
(81, 8, 'lab task', 10, 0, '2018-05-31 12:25:12'),
(82, 4, 'final exam ', 25, 1, '2018-05-31 12:25:12'),
(82, 9, 'viva', 10, 0, '2018-05-31 12:25:12'),
(82, 5, 'test', 10, 0, '2018-05-31 12:25:12'),
(82, 1, 'quiz', 5, 1, '2018-05-31 12:25:12'),
(83, 4, 'final exam ', 25, 1, '2018-05-31 12:25:12'),
(83, 6, 'assignment', 5, 1, '2018-05-31 12:25:12'),
(83, 7, 'project', 10, 0, '2018-05-31 12:25:12'),
(83, 16, 'final practical test', 10, 0, '2018-05-31 12:25:12'),
(84, 3, 'mid exam ', 20, 1, '2018-05-31 12:42:22'),
(84, 4, 'final exam ', 10, 1, '2018-05-31 12:42:22'),
(84, 8, 'lab task ', 10, 0, '2018-05-31 12:42:22'),
(84, 5, 'test', 10, 0, '2018-05-31 12:42:22'),
(85, 4, 'final exam ', 30, 1, '2018-05-31 12:42:22'),
(85, 5, 'test', 10, 1, '2018-05-31 12:42:22'),
(85, 9, 'viva', 10, 0, '2018-05-31 12:42:22'),
(86, 4, 'final exam ', 20, 1, '2018-05-31 12:42:22'),
(86, 2, 'presentation', 10, 1, '2018-05-31 12:42:22'),
(86, 7, 'project', 10, 0, '2018-05-31 12:42:22'),
(86, 16, 'final practical test', 10, 0, '2018-05-31 12:42:22'),
(87, 3, 'mid exam ', 20, 1, '2018-05-31 12:59:00'),
(87, 4, 'final exam ', 10, 1, '2018-05-31 12:59:00'),
(87, 8, 'lab task', 10, 0, '2018-05-31 12:59:00'),
(87, 9, 'viva', 10, 0, '2018-05-31 12:59:00'),
(88, 4, 'final exam ', 20, 1, '2018-05-31 12:59:00'),
(88, 5, 'test', 10, 1, '2018-05-31 12:59:00'),
(88, 7, 'project', 10, 0, '2018-05-31 12:59:00'),
(88, 16, 'final practical test', 10, 0, '2018-05-31 12:59:00'),
(89, 4, 'final exam ', 30, 1, '2018-05-31 12:59:00'),
(89, 6, 'assignment ', 10, 1, '2018-05-31 12:59:00'),
(89, 2, 'presentation', 10, 0, '2018-05-31 12:59:00'),
(90, 3, 'mid exam', 20, 1, '2018-05-31 15:24:04'),
(90, 4, 'final exam ', 10, 1, '2018-05-31 15:24:04'),
(90, 8, 'lab task', 10, 0, '2018-05-31 15:24:04'),
(90, 5, 'test', 10, 0, '2018-05-31 15:24:04'),
(91, 4, 'final exam ', 30, 1, '2018-05-31 15:24:04'),
(91, 9, 'viva', 10, 0, '2018-05-31 15:24:04'),
(91, 5, 'test', 10, 1, '2018-05-31 15:24:04'),
(92, 4, 'final exam ', 20, 1, '2018-05-31 15:24:04'),
(92, 6, 'assignment', 10, 1, '2018-05-31 15:24:04'),
(92, 16, 'final practical test', 10, 0, '2018-05-31 15:24:04'),
(92, 7, 'project', 10, 0, '2018-05-31 15:24:04'),
(93, 8, 'lab task ', 10, 0, '2018-05-31 15:33:08'),
(93, 3, 'mid exam ', 20, 1, '2018-05-31 15:33:08'),
(93, 5, 'test', 10, 1, '2018-05-31 15:33:08'),
(93, 5, 'test', 10, 0, '2018-05-31 15:33:08'),
(94, 4, 'final exam', 30, 1, '2018-05-31 15:33:08'),
(94, 2, 'presentation', 10, 1, '2018-05-31 15:33:08'),
(94, 9, 'viva', 10, 0, '2018-05-31 15:33:08'),
(95, 4, 'final exam ', 30, 1, '2018-05-31 15:33:08'),
(95, 7, 'project', 10, 0, '2018-05-31 15:33:08'),
(95, 16, 'final practical test', 10, 0, '2018-05-31 15:33:08'),
(96, 15, 'initial presentation and project idea', 10, 0, '2018-05-31 15:40:07'),
(97, 12, 'final year project', 120, 0, '2018-05-31 15:40:07'),
(98, 13, 'final thesis', 40, 0, '2018-05-31 15:40:07'),
(99, 14, 'final presentation', 30, 0, '2018-05-31 15:40:07'),
(1, 3, 'Mid Exam', 20, 1, '2018-05-13 22:29:10'),
(1, 4, 'final exam ', 20, 1, '2018-05-13 22:29:10'),
(1, 5, 'Test1', 10, 1, '2018-05-13 22:29:10'),
(2, 4, 'final exam ', 40, 1, '2018-05-13 22:29:10'),
(2, 2, 'presentation1', 10, 1, '2018-05-13 22:29:10'),
(3, 3, 'mid exam ', 15, 1, '2018-05-13 22:29:10'),
(3, 4, 'final exam', 15, 1, '2018-05-13 22:29:10'),
(3, 6, 'Assignment ', 10, 1, '2018-05-13 22:29:10'),
(3, 5, 'Test', 10, 0, '2018-05-13 22:29:10'),
(4, 3, 'mid exam ', 5, 1, '2018-05-13 22:29:10'),
(4, 4, 'final exam ', 25, 1, '2018-05-13 22:29:10'),
(4, 8, 'lab experiments ', 15, 0, '2018-05-13 22:29:10'),
(4, 1, 'quiz', 5, 0, '2018-05-13 22:29:10'),
(5, 4, 'final exam ', 20, 1, '2018-05-13 22:29:10'),
(5, 2, 'presentation ', 10, 1, '2018-05-13 22:29:10'),
(5, 7, 'project ', 10, 0, '2018-05-13 22:29:10'),
(5, 9, 'viva ', 10, 0, '2018-05-13 22:29:10'),
(6, 3, 'mid exam ', 20, 1, '2018-05-13 22:44:26'),
(6, 4, 'final exam ', 20, 1, '2018-05-13 22:44:26'),
(7, 4, 'final exam ', 30, 1, '2018-05-13 22:44:26'),
(7, 9, 'viva ', 15, 0, '2018-05-13 22:44:26'),
(7, 8, 'lab experiments ', 15, 0, '2018-05-13 22:44:26'),
(7, 5, 'test1', 10, 1, '2018-05-13 22:44:26'),
(8, 4, 'final exam', 10, 1, '2018-05-13 22:44:26'),
(8, 6, 'assignment ', 10, 1, '2018-05-13 22:44:26'),
(8, 7, 'project ', 10, 0, '2018-05-13 22:44:26'),
(8, 16, 'viva', 10, 0, '2018-05-13 22:44:26'),
(9, 3, 'mid exam ', 20, 1, '2018-05-13 22:51:20'),
(9, 4, 'final exam', 20, 1, '2018-05-13 22:51:20'),
(10, 4, 'final exam ', 40, 1, '2018-05-13 22:51:20'),
(10, 5, 'test 1', 5, 1, '2018-05-13 22:51:20'),
(10, 5, 'test 2', 5, 1, '2018-05-13 22:51:20'),
(10, 2, 'presentation ', 10, 1, '2018-05-13 22:51:20'),
(11, 3, 'mid exam ', 10, 1, '2018-05-13 23:05:59'),
(11, 4, 'final exame', 10, 1, '2018-05-13 23:05:59'),
(11, 10, 'attendance ', 10, 1, '2018-05-13 23:05:59'),
(11, 8, 'labs ', 10, 0, '2018-05-13 23:05:59'),
(12, 3, 'mid exam ', 10, 1, '2018-05-13 23:05:59'),
(12, 4, 'final exam', 30, 1, '2018-05-13 23:05:59'),
(12, 9, 'viva', 10, 0, '2018-05-13 23:05:59'),
(12, 1, 'quiz', 10, 0, '2018-05-13 23:05:59'),
(13, 4, 'final exam ', 20, 1, '2018-05-13 23:05:59'),
(13, 6, 'assigment', 10, 1, '2018-05-13 23:05:59'),
(13, 16, 'final test ', 20, 0, '2018-05-13 23:05:59'),
(14, 4, 'final exam', 20, 1, '2018-05-15 12:23:56'),
(14, 3, 'mid exam', 15, 1, '2018-05-15 12:23:56'),
(14, 5, 'test', 5, 1, '2018-05-15 12:23:56'),
(14, 8, 'lab experiments', 10, 0, '2018-05-15 12:23:56'),
(15, 3, 'mid exam', 5, 1, '2018-05-15 12:23:56'),
(15, 4, 'final exam ', 20, 1, '2018-05-15 12:23:56'),
(15, 6, 'assigment1', 5, 1, '2018-05-15 12:23:56'),
(15, 6, 'assigment2', 5, 1, '2018-05-15 12:23:56'),
(15, 5, 'test', 10, 0, '2018-05-15 12:23:56'),
(15, 11, 'lab book ', 5, 0, '2018-05-15 12:23:56'),
(16, 4, 'final exam ', 20, 1, '2018-05-15 12:23:56'),
(16, 10, 'attendence', 5, 1, '2018-05-15 12:23:56'),
(16, 16, 'practical test', 10, 0, '2018-05-15 12:23:56'),
(16, 7, 'project', 15, 0, '2018-05-15 12:23:56'),
(17, 3, 'mid exam ', 15, 1, '2018-05-15 12:42:23'),
(17, 5, 'test1', 5, 1, '2018-05-15 12:42:23'),
(17, 5, 'test2', 5, 0, '2018-05-15 12:42:23'),
(17, 10, 'lab attendance ', 5, 0, '2018-05-15 12:42:23'),
(18, 3, 'mid exam ', 5, 1, '2018-05-15 12:42:23'),
(18, 4, 'final exam ', 30, 1, '2018-05-15 12:42:23'),
(18, 5, 'test2', 10, 1, '2018-05-15 12:42:23'),
(18, 8, 'lab task', 10, 0, '2018-05-15 12:42:23'),
(18, 9, 'viva', 10, 0, '2018-05-15 12:42:23'),
(18, 7, 'project', 5, 0, '2018-05-15 12:42:23'),
(19, 4, 'final exam ', 30, 1, '2018-05-15 12:42:23'),
(19, 10, 'attendence', 5, 1, '2018-05-15 12:42:23'),
(19, 16, 'practical test', 10, 0, '2018-05-15 12:42:23'),
(19, 7, 'project', 5, 0, '2018-05-15 12:42:23'),
(20, 3, 'mid exam ', 20, 1, '2018-05-15 13:02:22'),
(20, 4, 'final exam ', 10, 1, '2018-05-15 13:02:22'),
(20, 10, 'attendence', 10, 1, '2018-05-15 13:02:22'),
(21, 4, 'final exam ', 50, 1, '2018-05-15 13:02:22'),
(21, 5, 'test', 10, 1, '2018-05-15 13:02:22'),
(22, 3, 'mid exam ', 10, 1, '2018-05-15 13:04:51'),
(22, 4, 'final exam ', 30, 1, '2018-05-15 13:04:51'),
(22, 5, 'test', 5, 1, '2018-05-15 13:04:51'),
(22, 6, 'assignment ', 5, 1, '2018-05-15 13:04:51'),
(23, 3, 'mid exam ', 10, 1, '2018-05-15 13:06:59'),
(23, 4, 'final exam ', 30, 1, '2018-05-15 13:06:59'),
(23, 5, 'test', 5, 1, '2018-05-15 13:06:59'),
(23, 1, 'quiz', 5, 1, '2018-05-15 13:06:59'),
(24, 3, 'mid exam ', 10, 1, '2018-05-15 13:10:52'),
(24, 4, 'final exam ', 30, 1, '2018-05-15 13:10:52'),
(24, 6, 'assignment', 5, 1, '2018-05-15 13:10:52'),
(24, 2, 'presentation', 5, 1, '2018-05-15 13:10:52'),
(25, 3, 'mid exam ', 10, 1, '2018-05-15 13:10:52'),
(25, 4, 'final exam ', 30, 1, '2018-05-15 13:10:52'),
(25, 10, 'attendence', 5, 1, '2018-05-15 13:10:52'),
(25, 6, 'assignment ', 5, 1, '2018-05-15 13:10:52'),
(26, 3, 'mid exam ', 15, 1, '2018-05-15 13:52:24'),
(26, 4, 'final exam ', 5, 1, '2018-05-15 13:52:24'),
(26, 5, 'test1', 10, 1, '2018-05-15 13:52:24'),
(26, 8, 'lab task', 10, 0, '2018-05-15 13:52:24'),
(27, 3, 'mid exam ', 5, 1, '2018-05-15 13:52:24'),
(27, 4, 'final exam ', 30, 1, '2018-05-15 13:52:24'),
(27, 5, 'test', 10, 0, '2018-05-15 13:52:24'),
(27, 9, 'viva', 10, 0, '2018-05-15 13:52:24'),
(27, 6, 'assignment', 10, 1, '2018-05-15 13:52:24'),
(27, 11, 'lab book ', 5, 0, '2018-05-15 13:52:24'),
(28, 4, 'final exam ', 25, 1, '2018-05-15 13:52:24'),
(28, 7, 'project', 10, 0, '2018-05-15 13:52:24'),
(28, 1, 'quiz', 5, 0, '2018-05-15 13:52:24'),
(31, 3, 'mid exam ', 15, 1, '2018-05-15 14:41:43'),
(29, 3, 'mid exam ', 20, 1, '2018-05-15 14:41:43'),
(29, 4, 'final exam ', 10, 1, '2018-05-15 14:41:43'),
(29, 5, 'test1', 10, 1, '2018-05-15 14:41:43'),
(30, 4, 'final exam ', 50, 1, '2018-05-15 14:41:43'),
(30, 5, 'test2', 5, 1, '2018-05-15 14:41:43'),
(30, 6, 'assignment', 5, 1, '2018-05-15 14:41:43'),
(31, 4, 'final exam', 5, 1, '2018-05-15 14:41:43'),
(31, 10, 'attendance ', 10, 1, '2018-05-15 14:41:43'),
(32, 4, 'final exam ', 55, 1, '2018-05-15 14:41:43'),
(32, 3, 'mid exam ', 5, 1, '2018-05-15 14:41:43'),
(32, 7, 'project', 10, 1, '2018-05-15 14:41:43'),
(33, 3, 'mid exam ', 15, 1, '2018-05-15 22:33:22'),
(33, 4, 'final exam ', 5, 1, '2018-05-15 22:33:22'),
(33, 5, 'test1', 5, 1, '2018-05-15 22:33:22'),
(34, 3, 'mid exam ', 5, 1, '2018-05-15 22:33:22'),
(34, 4, 'final exam ', 55, 1, '2018-05-15 22:33:22'),
(34, 5, 'test2', 5, 1, '2018-05-15 22:33:22'),
(34, 6, 'assignment', 10, 1, '2018-05-15 22:33:22'),
(35, 3, 'mid exam ', 15, 1, '2018-05-15 22:44:15'),
(35, 4, 'final exam ', 5, 1, '2018-05-15 22:44:15'),
(35, 8, 'lab task', 5, 0, '2018-05-15 22:44:15'),
(35, 9, 'viva', 5, 0, '2018-05-15 22:44:15'),
(35, 10, 'attendance ', 10, 1, '2018-05-15 22:44:15'),
(36, 3, 'mid exam ', 5, 1, '2018-05-15 22:44:15'),
(36, 4, 'final exam ', 40, 1, '2018-05-15 22:44:15'),
(36, 8, 'lab task ', 10, 0, '2018-05-15 22:44:15'),
(36, 7, 'project ', 10, 0, '2018-05-15 22:44:15'),
(36, 5, 'test', 5, 1, '2018-05-15 22:44:15'),
(36, 9, 'viva', 10, 0, '2018-05-15 22:44:15'),
(37, 4, 'final exam ', 15, 1, '2018-05-15 22:44:15'),
(37, 5, 'test', 5, 1, '2018-05-15 22:44:15'),
(37, 16, 'practical test', 10, 0, '2018-05-15 22:44:15'),
(38, 3, 'mid exam ', 10, 1, '2018-05-15 22:54:26'),
(38, 4, 'final exam ', 5, 1, '2018-05-15 22:54:26'),
(38, 8, 'lab task ', 5, 0, '2018-05-15 22:54:26'),
(38, 9, 'viva', 5, 0, '2018-05-15 22:54:26'),
(38, 10, 'attendance ', 5, 1, '2018-05-15 22:54:26'),
(39, 3, 'mid exam ', 10, 1, '2018-05-15 22:54:26'),
(39, 4, 'final exam ', 25, 1, '2018-05-15 22:54:26'),
(39, 7, 'projecr', 10, 0, '2018-05-15 22:54:26'),
(39, 9, 'viva', 5, 0, '2018-05-15 22:54:26'),
(39, 5, 'test', 10, 1, '2018-05-15 22:54:26'),
(40, 4, 'final exam ', 30, 1, '2018-05-15 22:54:26'),
(40, 2, 'presentation ', 5, 1, '2018-05-15 22:54:26'),
(40, 9, 'viva', 5, 0, '2018-05-15 22:54:26'),
(40, 16, 'final test', 10, 0, '2018-05-15 22:54:26'),
(40, 8, 'lab task ', 10, 0, '2018-05-15 22:54:26'),
(41, 3, 'mid exam', 15, 1, '2018-05-15 23:00:14'),
(41, 4, 'final exam ', 10, 1, '2018-05-15 23:00:14'),
(41, 5, 'test', 5, 1, '2018-05-15 23:00:14'),
(41, 10, 'attendance ', 10, 1, '2018-05-15 23:00:14'),
(42, 3, 'mid exam ', 5, 1, '2018-05-15 23:00:14'),
(42, 4, 'final exam', 50, 1, '2018-05-15 23:00:14'),
(42, 5, 'test2', 5, 1, '2018-05-15 23:00:14'),
(43, 3, 'mid exam', 10, 1, '2018-05-15 23:08:11'),
(43, 9, 'viva', 5, 0, '2018-05-15 23:08:11'),
(43, 8, 'lab task', 5, 0, '2018-05-15 23:08:11'),
(44, 3, 'mid exam ', 10, 1, '2018-05-15 23:08:11'),
(44, 4, 'final exam ', 40, 1, '2018-05-15 23:08:11'),
(44, 7, 'project', 10, 0, '2018-05-15 23:08:11'),
(44, 9, 'viva', 10, 0, '2018-05-15 23:08:11'),
(44, 5, 'test', 10, 1, '2018-05-15 23:08:11'),
(44, 16, 'final test', 10, 0, '2018-05-15 23:08:11'),
(45, 4, 'final exam ', 20, 1, '2018-05-15 23:08:11'),
(45, 6, 'assignment', 10, 1, '2018-05-15 23:08:11'),
(45, 8, 'lab task', 10, 0, '2018-05-15 23:08:11'),
(46, 3, 'mid exam ', 20, 1, '2018-05-15 23:21:09'),
(46, 4, 'final exam ', 15, 1, '2018-05-15 23:21:09'),
(46, 5, 'test', 10, 1, '2018-05-15 23:21:09'),
(46, 1, 'quiz', 5, 1, '2018-05-15 23:21:09'),
(47, 4, 'final exam ', 45, 1, '2018-05-15 23:21:09'),
(47, 5, 'test', 5, 1, '2018-05-15 23:21:09'),
(48, 3, 'mid exam', 20, 1, '2018-05-17 09:42:05'),
(48, 4, 'final exam ', 20, 1, '2018-05-17 09:42:05'),
(48, 10, 'attendence', 10, 1, '2018-05-17 09:42:05'),
(49, 4, 'final exam ', 40, 1, '2018-05-17 09:42:05'),
(49, 5, 'test1', 5, 1, '2018-05-17 09:42:05'),
(49, 5, 'test2', 5, 1, '2018-05-17 09:42:05'),
(50, 3, 'mid exam', 15, 1, '2018-05-17 10:08:35'),
(50, 8, 'lab task ', 10, 0, '2018-05-17 10:08:35'),
(50, 5, 'test', 5, 1, '2018-05-17 10:08:35'),
(50, 10, 'attendence', 10, 1, '2018-05-17 10:08:35'),
(51, 3, 'mid exam ', 5, 1, '2018-05-17 10:08:35'),
(51, 4, 'final exam ', 35, 1, '2018-05-17 10:08:35'),
(51, 9, 'viva', 10, 0, '2018-05-17 10:08:35'),
(51, 5, 'test', 5, 1, '2018-05-17 10:08:35'),
(51, 11, 'lab submission', 5, 0, '2018-05-17 10:08:35'),
(52, 4, 'final exam ', 25, 1, '2018-05-17 10:08:35'),
(52, 16, 'test', 10, 0, '2018-05-17 10:08:35'),
(52, 9, 'viva', 5, 0, '2018-05-17 10:08:35'),
(52, 7, 'project', 10, 0, '2018-05-17 10:08:35'),
(53, 3, 'mid exam', 20, 1, '2018-05-30 18:29:11'),
(53, 4, 'final exam', 5, 1, '2018-05-30 18:29:11'),
(53, 9, 'viva', 5, 0, '2018-05-30 18:29:11'),
(53, 5, 'test', 5, 0, '2018-05-30 18:29:11'),
(53, 1, 'quiz', 5, 1, '2018-05-30 18:29:11'),
(54, 4, 'final exam ', 30, 1, '2018-05-30 18:29:11'),
(54, 9, 'viva', 5, 0, '2018-05-30 18:29:11'),
(54, 5, 'test', 10, 1, '2018-05-30 18:29:11'),
(54, 5, 'test', 10, 0, '2018-05-30 18:29:11'),
(54, 8, 'lab task', 5, 0, '2018-05-30 18:29:11'),
(55, 4, 'final exam ', 25, 1, '2018-05-30 18:29:11'),
(55, 2, 'presentation', 5, 1, '2018-05-30 18:29:11'),
(55, 9, 'viva', 5, 0, '2018-05-30 18:29:11'),
(55, 16, 'final test', 15, 0, '2018-05-30 18:29:11'),
(56, 3, 'mid exam ', 20, 1, '2018-05-30 18:32:30'),
(56, 5, 'test', 10, 1, '2018-05-30 18:32:30'),
(56, 4, 'final exam', 20, 1, '2018-05-30 18:32:30'),
(57, 4, 'final exam ', 40, 1, '2018-05-30 18:32:30'),
(57, 7, 'project ', 10, 1, '2018-05-30 18:32:30'),
(58, 3, 'mid exam ', 15, 1, '2018-05-30 18:35:01'),
(58, 5, 'test', 5, 0, '2018-05-30 18:35:01'),
(58, 9, 'viva', 5, 0, '2018-05-30 18:55:27'),
(58, 5, 'test', 5, 1, '2018-05-30 18:55:27'),
(59, 3, 'mid exam ', 5, 1, '2018-05-30 18:55:27'),
(59, 4, 'final exam ', 30, 1, '2018-05-30 18:55:27'),
(59, 9, 'viva', 5, 0, '2018-05-30 18:55:27'),
(59, 5, 'test', 10, 1, '2018-05-30 18:55:27'),
(59, 2, 'presentation', 10, 0, '2018-05-30 18:55:27'),
(60, 4, 'final exam', 30, 1, '2018-05-30 19:01:58'),
(60, 1, 'quiz', 5, 1, '2018-05-30 19:01:58'),
(60, 9, 'viva', 5, 0, '2018-05-30 19:01:58'),
(60, 7, 'project', 10, 0, '2018-05-30 19:02:56'),
(60, 16, 'final test', 10, 0, '2018-05-30 19:02:56'),
(61, 3, 'mid exam', 20, 1, '2018-05-30 20:46:13'),
(61, 4, 'final exam ', 10, 1, '2018-05-30 20:46:13'),
(61, 9, 'viva', 5, 0, '2018-05-30 20:46:13'),
(61, 5, 'test', 10, 1, '2018-05-30 20:46:13'),
(61, 8, 'lab task', 5, 0, '2018-05-30 20:46:13'),
(62, 4, 'final exam ', 20, 1, '2018-05-30 20:46:13'),
(62, 9, 'viva', 5, 0, '2018-05-30 20:46:13'),
(62, 1, 'quiz', 5, 0, '2018-05-30 20:46:13'),
(63, 4, 'final exam ', 30, 1, '2018-05-30 20:46:13'),
(63, 2, 'presentation', 10, 1, '2018-05-30 20:46:13'),
(63, 7, 'project', 10, 0, '2018-05-30 20:46:13'),
(63, 9, 'viva', 10, 0, '2018-05-30 20:46:13'),
(63, 16, 'final practical test', 10, 0, '2018-05-30 20:46:13'),
(64, 3, 'mid exam ', 20, 1, '2018-05-30 22:18:08'),
(64, 4, 'final exam ', 10, 1, '2018-05-30 22:18:08'),
(64, 9, 'viva', 5, 0, '2018-05-30 22:18:08'),
(64, 8, 'lab task', 10, 0, '2018-05-30 22:18:08'),
(64, 5, 'test', 5, 1, '2018-05-30 22:18:08'),
(65, 4, 'final exam ', 25, 1, '2018-05-30 22:18:08'),
(65, 9, 'viva', 5, 0, '2018-05-30 22:18:08'),
(65, 5, 'test', 10, 1, '2018-05-30 22:18:08'),
(65, 7, 'project', 10, 0, '2018-05-30 22:18:08'),
(66, 4, 'final exam ', 25, 1, '2018-05-30 22:18:08'),
(66, 9, 'viva', 5, 0, '2018-05-30 22:18:08'),
(66, 1, 'quiz', 5, 1, '2018-05-30 22:18:08'),
(66, 16, 'final practical test', 15, 0, '2018-05-30 22:18:08'),
(67, 3, 'mid exam ', 20, 1, '2018-05-30 22:21:25'),
(67, 4, 'final exam ', 20, 1, '2018-05-30 22:21:25'),
(67, 5, 'test', 10, 1, '2018-05-30 22:21:25'),
(68, 4, 'final exam ', 40, 1, '2018-05-30 22:21:25'),
(68, 2, 'presentation ', 10, 1, '2018-05-30 22:21:25'),
(69, 3, 'mid exam', 20, 1, '2018-05-30 22:33:35'),
(69, 5, 'test', 10, 1, '2018-05-30 22:33:35'),
(69, 8, 'lab task', 10, 0, '2018-05-30 22:33:35'),
(70, 4, 'final exam ', 30, 1, '2018-05-30 22:33:35'),
(70, 9, 'viva', 10, 0, '2018-05-30 22:33:35'),
(70, 2, 'presentation', 10, 1, '2018-05-30 22:33:35'),
(70, 5, 'test', 10, 0, '2018-05-30 22:33:35'),
(71, 4, 'final exam ', 30, 1, '2018-05-30 22:33:35'),
(71, 7, 'project', 10, 0, '2018-05-30 22:33:35'),
(71, 16, 'final practical test', 10, 0, '2018-05-30 22:33:35'),
(72, 3, 'mid exam', 10, 1, '2018-05-30 22:36:45'),
(72, 4, 'final exam', 30, 1, '2018-05-30 22:36:45'),
(72, 5, 'test', 5, 1, '2018-05-30 22:36:45'),
(72, 2, 'presentation', 5, 1, '2018-05-30 22:36:45'),
(73, 3, 'mid exam', 20, 1, '2018-05-30 22:50:18'),
(73, 5, 'test', 10, 1, '2018-05-30 22:50:18'),
(73, 8, 'lab task', 10, 0, '2018-05-30 22:50:18'),
(74, 4, 'final exam', 30, 1, '2018-05-30 22:50:18'),
(74, 9, 'viva', 10, 0, '2018-05-30 22:50:18'),
(74, 7, 'project', 10, 0, '2018-05-30 22:50:18'),
(75, 4, 'final exam', 15, 1, '2018-05-30 22:50:18'),
(75, 2, 'presentation', 10, 1, '2018-05-30 22:50:18'),
(75, 11, 'lab book submission', 5, 0, '2018-05-30 22:50:18'),
(76, 4, 'final exam', 15, 1, '2018-05-30 22:50:18'),
(76, 16, 'final practical test', 10, 0, '2018-05-30 22:50:18'),
(76, 9, 'viva', 5, 0, '2018-05-30 22:50:18'),
(77, 3, 'mid exam ', 5, 1, '2018-05-31 12:09:05'),
(77, 5, 'test', 5, 1, '2018-05-31 12:09:05'),
(77, 9, 'viva', 5, 0, '2018-05-31 12:09:05'),
(77, 6, 'assignment', 5, 1, '2018-05-31 12:09:05'),
(78, 3, 'mid exam', 10, 1, '2018-05-31 12:09:05'),
(78, 4, 'final exam ', 10, 1, '2018-05-31 12:09:05'),
(78, 5, 'test', 10, 1, '2018-05-31 12:09:05'),
(78, 8, 'lab task', 10, 0, '2018-05-31 12:09:05'),
(78, 2, 'presentation', 10, 0, '2018-05-31 12:09:05'),
(79, 3, 'mid exam ', 5, 1, '2018-05-31 12:09:05'),
(79, 4, 'final exam ', 10, 1, '2018-05-31 12:09:05'),
(79, 9, 'viva', 5, 0, '2018-05-31 12:09:05'),
(80, 4, 'final exam', 40, 1, '2018-05-31 12:09:05'),
(80, 7, 'project', 10, 0, '2018-05-31 12:09:05'),
(80, 16, 'final practical test', 10, 0, '2018-05-31 12:09:05'),
(81, 3, 'mid exam ', 20, 1, '2018-05-31 12:25:12'),
(81, 4, 'final exam', 10, 1, '2018-05-31 12:25:12'),
(81, 5, 'test', 10, 1, '2018-05-31 12:25:12'),
(81, 8, 'lab task', 10, 0, '2018-05-31 12:25:12'),
(82, 4, 'final exam ', 25, 1, '2018-05-31 12:25:12'),
(82, 9, 'viva', 10, 0, '2018-05-31 12:25:12'),
(82, 5, 'test', 10, 0, '2018-05-31 12:25:12'),
(82, 1, 'quiz', 5, 1, '2018-05-31 12:25:12'),
(83, 4, 'final exam ', 25, 1, '2018-05-31 12:25:12'),
(83, 6, 'assignment', 5, 1, '2018-05-31 12:25:12'),
(83, 7, 'project', 10, 0, '2018-05-31 12:25:12'),
(83, 16, 'final practical test', 10, 0, '2018-05-31 12:25:12'),
(84, 3, 'mid exam ', 20, 1, '2018-05-31 12:42:22'),
(84, 4, 'final exam ', 10, 1, '2018-05-31 12:42:22'),
(84, 8, 'lab task ', 10, 0, '2018-05-31 12:42:22'),
(84, 5, 'test', 10, 0, '2018-05-31 12:42:22'),
(85, 4, 'final exam ', 30, 1, '2018-05-31 12:42:22'),
(85, 5, 'test', 10, 1, '2018-05-31 12:42:22'),
(85, 9, 'viva', 10, 0, '2018-05-31 12:42:22'),
(86, 4, 'final exam ', 20, 1, '2018-05-31 12:42:22'),
(86, 2, 'presentation', 10, 1, '2018-05-31 12:42:22'),
(86, 7, 'project', 10, 0, '2018-05-31 12:42:22'),
(86, 16, 'final practical test', 10, 0, '2018-05-31 12:42:22'),
(87, 3, 'mid exam ', 20, 1, '2018-05-31 12:59:00'),
(87, 4, 'final exam ', 10, 1, '2018-05-31 12:59:00'),
(87, 8, 'lab task', 10, 0, '2018-05-31 12:59:00'),
(87, 9, 'viva', 10, 0, '2018-05-31 12:59:00'),
(88, 4, 'final exam ', 20, 1, '2018-05-31 12:59:00'),
(88, 5, 'test', 10, 1, '2018-05-31 12:59:00'),
(88, 7, 'project', 10, 0, '2018-05-31 12:59:00'),
(88, 16, 'final practical test', 10, 0, '2018-05-31 12:59:00'),
(89, 4, 'final exam ', 30, 1, '2018-05-31 12:59:00'),
(89, 6, 'assignment ', 10, 1, '2018-05-31 12:59:00'),
(89, 2, 'presentation', 10, 0, '2018-05-31 12:59:00'),
(90, 3, 'mid exam', 20, 1, '2018-05-31 15:24:04'),
(90, 4, 'final exam ', 10, 1, '2018-05-31 15:24:04'),
(90, 8, 'lab task', 10, 0, '2018-05-31 15:24:04'),
(90, 5, 'test', 10, 0, '2018-05-31 15:24:04'),
(91, 4, 'final exam ', 30, 1, '2018-05-31 15:24:04'),
(91, 9, 'viva', 10, 0, '2018-05-31 15:24:04'),
(91, 5, 'test', 10, 1, '2018-05-31 15:24:04'),
(92, 4, 'final exam ', 20, 1, '2018-05-31 15:24:04'),
(92, 6, 'assignment', 10, 1, '2018-05-31 15:24:04'),
(92, 16, 'final practical test', 10, 0, '2018-05-31 15:24:04'),
(92, 7, 'project', 10, 0, '2018-05-31 15:24:04'),
(93, 8, 'lab task ', 10, 0, '2018-05-31 15:33:08'),
(93, 3, 'mid exam ', 20, 1, '2018-05-31 15:33:08'),
(93, 5, 'test', 10, 1, '2018-05-31 15:33:08'),
(93, 5, 'test', 10, 0, '2018-05-31 15:33:08'),
(94, 4, 'final exam', 30, 1, '2018-05-31 15:33:08'),
(94, 2, 'presentation', 10, 1, '2018-05-31 15:33:08'),
(94, 9, 'viva', 10, 0, '2018-05-31 15:33:08'),
(95, 4, 'final exam ', 30, 1, '2018-05-31 15:33:08'),
(95, 7, 'project', 10, 0, '2018-05-31 15:33:08'),
(95, 16, 'final practical test', 10, 0, '2018-05-31 15:33:08'),
(96, 15, 'initial presentation and project idea', 10, 0, '2018-05-31 15:40:07'),
(97, 12, 'final year project', 120, 0, '2018-05-31 15:40:07'),
(98, 13, 'final thesis', 40, 0, '2018-05-31 15:40:07'),
(99, 14, 'final presentation', 30, 0, '2018-05-31 15:40:07');

-- --------------------------------------------------------

--
-- Table structure for table `clo_improvement`
--

CREATE TABLE `clo_improvement` (
  `rollNo` varchar(30) NOT NULL,
  `cloId` int(11) NOT NULL,
  `assesId` int(11) NOT NULL,
  `assesName` varchar(100) NOT NULL,
  `totalMarks` smallint(6) NOT NULL,
  `marksObt` smallint(6) NOT NULL,
  `currentDate` datetime NOT NULL,
  `created_at` datetime NOT NULL DEFAULT CURRENT_TIMESTAMP
) ENGINE=InnoDB DEFAULT CHARSET=latin1;

-- --------------------------------------------------------

--
-- Table structure for table `clo_levels`
--

CREATE TABLE `clo_levels` (
  `cloId` int(11) NOT NULL,
  `levelId` varchar(25) NOT NULL,
  `created_at` datetime NOT NULL DEFAULT CURRENT_TIMESTAMP
) ENGINE=InnoDB DEFAULT CHARSET=latin1;

-- --------------------------------------------------------

--
-- Table structure for table `clo_plo`
--

CREATE TABLE `clo_plo` (
  `cloId` int(11) NOT NULL,
  `ploId` int(11) NOT NULL,
  `created_at` datetime NOT NULL DEFAULT CURRENT_TIMESTAMP
) ENGINE=InnoDB DEFAULT CHARSET=latin1;

--
-- Dumping data for table `clo_plo`
--

INSERT INTO `clo_plo` (`cloId`, `ploId`, `created_at`) VALUES
(1, 1, '2018-05-13 17:54:55'),
(2, 2, '2018-05-13 17:54:55'),
(3, 2, '2018-05-13 17:54:55'),
(4, 3, '2018-05-13 17:54:55'),
(5, 5, '2018-05-13 17:54:55'),
(6, 5, '2018-05-13 17:54:55'),
(7, 3, '2018-05-13 17:54:55'),
(8, 5, '2018-05-13 17:54:55'),
(9, 10, '2018-05-13 17:54:55'),
(10, 10, '2018-05-13 17:54:55'),
(11, 1, '2018-05-13 19:08:54'),
(11, 5, '2018-05-13 19:08:54'),
(12, 3, '2018-05-13 19:08:54'),
(13, 5, '2018-05-13 19:08:54'),
(14, 1, '2018-05-13 19:08:54'),
(14, 2, '2018-05-13 19:08:54'),
(15, 3, '2018-05-13 19:08:54'),
(16, 7, '2018-05-13 19:08:54'),
(17, 7, '2018-05-13 19:08:54'),
(20, 12, '2018-05-13 19:08:54'),
(21, 11, '2018-05-13 19:08:54'),
(21, 9, '2018-05-13 19:08:54'),
(22, 12, '2018-05-13 19:08:54'),
(23, 8, '2018-05-13 19:08:54'),
(24, 8, '2018-05-13 19:08:54'),
(25, 11, '2018-05-13 19:08:54'),
(26, 1, '2018-05-13 19:08:54'),
(27, 3, '2018-05-13 19:08:54'),
(18, 4, '2018-05-13 19:08:54'),
(19, 5, '2018-05-13 19:08:54'),
(28, 7, '2018-05-13 19:16:32'),
(29, 1, '2018-05-13 19:16:32'),
(30, 12, '2018-05-13 19:16:32'),
(31, 2, '2018-05-13 19:16:32'),
(32, 11, '2018-05-13 19:16:32'),
(33, 3, '2018-05-13 19:16:32'),
(34, 10, '2018-05-13 19:16:32'),
(35, 1, '2018-05-13 19:16:32'),
(36, 2, '2018-05-13 19:16:32'),
(37, 9, '2018-05-13 19:16:32'),
(38, 1, '2018-05-13 19:16:32'),
(39, 6, '2018-05-13 19:16:32'),
(40, 5, '2018-05-13 19:16:32'),
(41, 1, '2018-05-13 19:16:32'),
(42, 12, '2018-05-13 19:16:32'),
(43, 2, '2018-05-13 19:16:32'),
(44, 10, '2018-05-13 19:16:32'),
(45, 3, '2018-05-13 19:16:32'),
(46, 8, '2018-05-13 19:16:32'),
(47, 3, '2018-05-13 19:16:32'),
(48, 1, '2018-05-13 19:27:40'),
(49, 12, '2018-05-13 19:27:40'),
(50, 2, '2018-05-13 19:27:40'),
(51, 11, '2018-05-13 19:27:40'),
(52, 3, '2018-05-13 19:27:40'),
(53, 10, '2018-05-13 19:27:40'),
(54, 4, '2018-05-13 19:27:40'),
(55, 6, '2018-05-13 19:27:40'),
(56, 10, '2018-05-13 19:27:40'),
(57, 11, '2018-05-13 19:27:40'),
(58, 1, '2018-05-13 19:27:40'),
(59, 5, '2018-05-13 19:27:40'),
(60, 1, '2018-05-13 19:27:40'),
(61, 4, '2018-05-13 19:27:40'),
(62, 6, '2018-05-13 19:27:40'),
(63, 8, '2018-05-13 19:27:40'),
(64, 1, '2018-05-13 19:27:40'),
(65, 4, '2018-05-13 19:27:40'),
(65, 6, '2018-05-13 19:27:40'),
(66, 6, '2018-05-13 19:27:40'),
(67, 1, '2018-05-13 19:44:12'),
(68, 12, '2018-05-13 19:44:12'),
(69, 2, '2018-05-13 19:44:12'),
(70, 3, '2018-05-13 19:44:12'),
(71, 4, '2018-05-13 19:44:12'),
(72, 5, '2018-05-13 19:44:12'),
(73, 6, '2018-05-13 19:44:12'),
(74, 7, '2018-05-13 19:44:12'),
(75, 8, '2018-05-13 19:44:12'),
(76, 9, '2018-05-13 19:44:12'),
(77, 10, '2018-05-13 19:44:12'),
(78, 11, '2018-05-13 19:44:12'),
(79, 12, '2018-05-13 19:44:12'),
(80, 12, '2018-05-13 19:44:12'),
(81, 11, '2018-05-13 19:44:12'),
(82, 10, '2018-05-13 19:44:12'),
(83, 9, '2018-05-13 19:44:12'),
(84, 8, '2018-05-13 19:44:12'),
(85, 7, '2018-05-13 19:44:12'),
(86, 6, '2018-05-13 19:44:12'),
(87, 1, '2018-05-13 21:49:50'),
(88, 2, '2018-05-13 21:49:50'),
(89, 3, '2018-05-13 21:49:50'),
(90, 4, '2018-05-13 21:49:50'),
(91, 5, '2018-05-13 21:49:50'),
(92, 5, '2018-05-13 21:49:50'),
(93, 6, '2018-05-13 21:49:50'),
(94, 7, '2018-05-13 21:49:50'),
(95, 8, '2018-05-13 21:49:50'),
(96, 12, '2018-05-13 21:49:50'),
(97, 11, '2018-05-13 21:49:50'),
(97, 9, '2018-05-13 21:49:50'),
(98, 11, '2018-05-13 21:49:50'),
(99, 10, '2018-05-13 21:49:50'),
(1, 1, '2018-05-13 17:54:55'),
(2, 2, '2018-05-13 17:54:55'),
(3, 2, '2018-05-13 17:54:55'),
(4, 3, '2018-05-13 17:54:55'),
(5, 5, '2018-05-13 17:54:55'),
(6, 5, '2018-05-13 17:54:55'),
(7, 3, '2018-05-13 17:54:55'),
(8, 5, '2018-05-13 17:54:55'),
(9, 10, '2018-05-13 17:54:55'),
(10, 10, '2018-05-13 17:54:55'),
(11, 1, '2018-05-13 19:08:54'),
(11, 5, '2018-05-13 19:08:54'),
(12, 3, '2018-05-13 19:08:54'),
(13, 5, '2018-05-13 19:08:54'),
(14, 1, '2018-05-13 19:08:54'),
(14, 2, '2018-05-13 19:08:54'),
(15, 3, '2018-05-13 19:08:54'),
(16, 7, '2018-05-13 19:08:54'),
(17, 7, '2018-05-13 19:08:54'),
(20, 12, '2018-05-13 19:08:54'),
(21, 11, '2018-05-13 19:08:54'),
(21, 9, '2018-05-13 19:08:54'),
(22, 12, '2018-05-13 19:08:54'),
(23, 8, '2018-05-13 19:08:54'),
(24, 8, '2018-05-13 19:08:54'),
(25, 11, '2018-05-13 19:08:54'),
(26, 1, '2018-05-13 19:08:54'),
(27, 3, '2018-05-13 19:08:54'),
(18, 4, '2018-05-13 19:08:54'),
(19, 5, '2018-05-13 19:08:54'),
(28, 7, '2018-05-13 19:16:32'),
(29, 1, '2018-05-13 19:16:32'),
(30, 12, '2018-05-13 19:16:32'),
(31, 2, '2018-05-13 19:16:32'),
(32, 11, '2018-05-13 19:16:32'),
(33, 3, '2018-05-13 19:16:32'),
(34, 10, '2018-05-13 19:16:32'),
(35, 1, '2018-05-13 19:16:32'),
(36, 2, '2018-05-13 19:16:32'),
(37, 9, '2018-05-13 19:16:32'),
(38, 1, '2018-05-13 19:16:32'),
(39, 6, '2018-05-13 19:16:32'),
(40, 5, '2018-05-13 19:16:32'),
(41, 1, '2018-05-13 19:16:32'),
(42, 12, '2018-05-13 19:16:32'),
(43, 2, '2018-05-13 19:16:32'),
(44, 10, '2018-05-13 19:16:32'),
(45, 3, '2018-05-13 19:16:32'),
(46, 8, '2018-05-13 19:16:32'),
(47, 3, '2018-05-13 19:16:32'),
(48, 1, '2018-05-13 19:27:40'),
(49, 12, '2018-05-13 19:27:40'),
(50, 2, '2018-05-13 19:27:40'),
(51, 11, '2018-05-13 19:27:40'),
(52, 3, '2018-05-13 19:27:40'),
(53, 10, '2018-05-13 19:27:40'),
(54, 4, '2018-05-13 19:27:40'),
(55, 6, '2018-05-13 19:27:40'),
(56, 10, '2018-05-13 19:27:40'),
(57, 11, '2018-05-13 19:27:40'),
(58, 1, '2018-05-13 19:27:40'),
(59, 5, '2018-05-13 19:27:40'),
(60, 1, '2018-05-13 19:27:40'),
(61, 4, '2018-05-13 19:27:40'),
(62, 6, '2018-05-13 19:27:40'),
(63, 8, '2018-05-13 19:27:40'),
(64, 1, '2018-05-13 19:27:40'),
(65, 4, '2018-05-13 19:27:40'),
(65, 6, '2018-05-13 19:27:40'),
(66, 6, '2018-05-13 19:27:40'),
(67, 1, '2018-05-13 19:44:12'),
(68, 12, '2018-05-13 19:44:12'),
(69, 2, '2018-05-13 19:44:12'),
(70, 3, '2018-05-13 19:44:12'),
(71, 4, '2018-05-13 19:44:12'),
(72, 5, '2018-05-13 19:44:12'),
(73, 6, '2018-05-13 19:44:12'),
(74, 7, '2018-05-13 19:44:12'),
(75, 8, '2018-05-13 19:44:12'),
(76, 9, '2018-05-13 19:44:12'),
(77, 10, '2018-05-13 19:44:12'),
(78, 11, '2018-05-13 19:44:12'),
(79, 12, '2018-05-13 19:44:12'),
(80, 12, '2018-05-13 19:44:12'),
(81, 11, '2018-05-13 19:44:12'),
(82, 10, '2018-05-13 19:44:12'),
(83, 9, '2018-05-13 19:44:12'),
(84, 8, '2018-05-13 19:44:12'),
(85, 7, '2018-05-13 19:44:12'),
(86, 6, '2018-05-13 19:44:12'),
(87, 1, '2018-05-13 21:49:50'),
(88, 2, '2018-05-13 21:49:50'),
(89, 3, '2018-05-13 21:49:50'),
(90, 4, '2018-05-13 21:49:50'),
(91, 5, '2018-05-13 21:49:50'),
(92, 5, '2018-05-13 21:49:50'),
(93, 6, '2018-05-13 21:49:50'),
(94, 7, '2018-05-13 21:49:50'),
(95, 8, '2018-05-13 21:49:50'),
(96, 12, '2018-05-13 21:49:50'),
(97, 11, '2018-05-13 21:49:50'),
(97, 9, '2018-05-13 21:49:50'),
(98, 11, '2018-05-13 21:49:50'),
(99, 10, '2018-05-13 21:49:50');

-- --------------------------------------------------------

--
-- Table structure for table `comments`
--

CREATE TABLE `comments` (
  `id` int(11) NOT NULL,
  `comment` varchar(255) DEFAULT NULL,
  `commented_by` int(11) DEFAULT NULL,
  `commented_to` varchar(100) DEFAULT NULL,
  `creation_date` datetime DEFAULT NULL,
  `deleted` varchar(10) DEFAULT NULL,
  `post_id` int(11) DEFAULT NULL
) ENGINE=InnoDB DEFAULT CHARSET=latin1;

--
-- Dumping data for table `comments`
--

INSERT INTO `comments` (`id`, `comment`, `commented_by`, `commented_to`, `creation_date`, `deleted`, `post_id`) VALUES
(7, 'kncknkanfksdnf', 1, '1', '2017-11-16 12:24:25', 'no', 30),
(8, 'knknkn', 1, '4', '2017-11-16 12:25:28', 'no', 20),
(9, 'yes', 1, '1', '2017-11-16 13:27:33', 'no', 26),
(10, 'noo', 1, '1', '2017-11-16 13:27:38', 'no', 26),
(11, 'lsmadlm', 1, '1', '2017-11-16 13:59:58', 'no', 30),
(12, 'vlmadlmv', 1, '1', '2017-11-16 14:27:04', 'no', 30),
(13, 'Comments are working', 1, '1', '2017-11-16 14:30:33', 'no', 30),
(14, 'comments are working perfectly', 4, '1', '2017-11-17 15:53:40', 'no', 31),
(15, 'caknvknsdnvk', 4, '4', '2017-11-17 15:56:39', 'no', 32),
(16, 'kcnakdnk', 1, '4', '2017-11-17 15:56:55', 'no', 32),
(17, 'comment from fida', 3, '4', '2017-11-17 16:00:35', 'no', 32),
(18, 'Salik shah', 1, '4', '2017-11-17 16:10:14', 'no', 32),
(19, 'oh yess', 1, '1', '2017-11-21 06:13:37', 'no', 35),
(20, 'videos post are also working', 1, '1', '2017-11-21 07:39:20', 'no', 59),
(21, 'wowowwww', 4, '4', '2017-11-21 07:40:01', 'no', 60),
(22, 'yessss', 1, '4', '2017-11-21 07:40:20', 'no', 60),
(23, 'nice', 1, '1', '2017-11-28 11:33:00', 'no', 128),
(24, 'wow', 7, '1', '2017-11-30 09:28:30', 'no', 135),
(25, 'yess', 1, '1', '2017-11-30 09:29:49', 'no', 135),
(26, 'comment from azan', 7, '1', '2017-12-01 12:09:48', 'no', 135),
(27, 'heyyy', 7, '1', '2017-12-01 13:01:46', 'no', 135),
(28, 'vakdnva', 7, '1', '2017-12-01 13:03:43', 'no', 135),
(29, 'vkadsknvknasd', 7, '1', '2017-12-01 13:03:46', 'no', 135),
(30, 'kvasdknv', 7, '1', '2017-12-01 13:03:49', 'no', 135),
(31, 'kvndkasnvksn', 7, '1', '2017-12-01 13:03:55', 'no', 135),
(32, 'yessssssssssssssssss', 1, '1', '2017-12-01 13:04:54', 'no', 135),
(33, 'wow', 4, '1', '2017-12-01 13:08:10', 'no', 135),
(34, 'this is other post', 7, '1', '2017-12-01 17:28:00', 'no', 133),
(35, 'yes ofcourse', 1, '1', '2017-12-01 17:30:50', 'no', 133),
(36, 'yes yes', 1, '1', '2017-12-01 17:34:35', 'no', 133),
(37, 'hiiii', 7, '1', '2017-12-02 04:02:52', 'no', 135),
(38, 'yess', 7, '1', '2017-12-02 04:03:46', 'no', 135),
(39, 'hii', 1, '7', '2017-12-13 17:35:00', 'no', 363),
(40, 'Its awsome', 1, '1', '2018-01-08 10:41:23', 'no', 391),
(41, 'woo', 1, '1', '2018-01-08 10:41:28', 'no', 391),
(42, 'wow', 1, '7', '2018-01-12 15:36:03', 'no', 377),
(43, 'kknksnad', 1, '7', '2018-01-31 21:59:38', 'no', 446),
(44, 'wow\r\n', 1, '1', '2018-02-08 14:01:26', 'no', 454),
(45, 'wah wah\r\n', 1, '1', '2018-02-08 09:18:21', 'no', 456),
(46, 'huhuhu', 1, '1', '2018-02-17 01:40:53', 'no', 459),
(47, 'mamuuuuuuuuuuuuuuu', 1, '1', '2018-02-17 01:41:02', 'no', 459),
(48, 'hii', 1, '3', '2018-02-27 07:58:36', 'no', 9),
(49, 'wow', 1, '3', '2018-02-27 07:58:41', 'no', 9),
(50, 'hii', 1, '3', '2018-02-27 07:59:54', 'no', 9),
(51, 'fknakfn', 1, '1', '2018-02-27 12:38:55', 'no', 459);

-- --------------------------------------------------------

--
-- Table structure for table `courses`
--

CREATE TABLE `courses` (
  `courseCode` varchar(30) NOT NULL,
  `deptId` int(11) NOT NULL,
  `courseName` varchar(255) NOT NULL,
  `maxMarks` int(5) NOT NULL,
  `creditHr` tinyint(1) NOT NULL,
  `created_at` datetime NOT NULL DEFAULT CURRENT_TIMESTAMP
) ENGINE=InnoDB DEFAULT CHARSET=latin1;

--
-- Dumping data for table `courses`
--

INSERT INTO `courses` (`courseCode`, `deptId`, `courseName`, `maxMarks`, `creditHr`, `created_at`) VALUES
('El 102', 3, 'Electrical Technology', 100, 3, '2018-04-30 23:21:43'),
('EN 101', 3, 'Functional English', 100, 3, '2018-04-30 23:21:43'),
('ME 101', 3, ' Engineering Drawing & Graphics', 50, 2, '2018-04-30 01:57:52'),
('ME 111  ', 3, 'Engineering Statics', 100, 3, '2018-04-30 01:57:52'),
('ME 131', 3, 'Engineering Dynamics', 100, 3, '2018-04-30 23:21:43'),
('ME 141', 3, ' Workshop Practice', 0, 0, '2018-04-30 23:21:43'),
('MTH 102 ', 3, 'Applied Calculus', 100, 3, '2018-04-30 01:57:52'),
('MTH 113', 3, 'Linear Algebra, Differential Equations and Analytical  Geometry', 100, 3, '2018-04-30 23:21:43'),
('PS 106  ', 3, 'Pakistan Studies', 50, 2, '2018-04-30 01:57:52'),
('SS III', 3, 'Islamic Studies / Ethics', 50, 2, '2018-04-30 01:57:52'),
('sw01', 1, 'Applied Calculus', 100, 3, '2018-04-30 23:39:50'),
('sw02', 1, 'Basic Electrical Engineering', 100, 3, '2018-04-30 23:39:50'),
('sw03', 1, 'Computer Programming', 100, 3, '2018-04-30 23:39:50'),
('sw04', 1, 'Functional English', 100, 3, '2018-04-30 23:39:50'),
('sw05', 1, 'Electronic Engineering', 100, 3, '2018-04-30 23:39:50'),
('sw06', 1, 'Data Structures & Algorithms', 100, 3, '2018-05-01 00:26:28'),
('sw07', 1, 'Digital Computer & Logic Design', 100, 3, '2018-05-01 00:26:28'),
('sw08', 1, 'Linear Algebra & Analytical Geometry', 100, 3, '2018-05-01 00:26:28'),
('sw09', 1, 'Pakistan Studies', 50, 2, '2018-05-01 00:26:28'),
('sw10', 1, 'Islamic Studies / Ethics', 50, 2, '2018-05-01 00:26:28'),
('sw11', 1, 'Professional Ethics', 50, 2, '2018-05-01 00:26:28'),
('sw12', 1, '	\r\nSoftware Economics & Management', 50, 2, '2018-05-01 00:31:45'),
('sw13', 1, 'Operating Systems Concepts', 100, 3, '2018-05-01 00:31:45'),
('sw14', 1, 'Computer Architecture & Organization', 100, 3, '2018-05-01 00:31:45'),
('sw15', 1, 'Information Systems', 100, 3, '2018-05-01 00:31:45'),
('sw16', 1, 'Differential Equation & Fourier series', 100, 3, '2018-05-01 00:31:45'),
('sw17', 1, 'Object Oriented Programming', 100, 3, '2018-05-01 00:37:46'),
('sw18', 1, 'Database Management & Administration', 100, 3, '2018-05-01 00:37:46'),
('sw19', 1, 'Operations Research', 100, 3, '2018-05-01 00:37:46'),
('sw20', 1, 'Microprocessor Technologies', 100, 3, '2018-05-01 00:37:46'),
('sw21', 1, 'Laplace Transforms & Discrete Mathematics', 100, 3, '2018-05-01 00:37:46'),
('sw22', 1, 'Theory of Automata & Formal Languages', 100, 3, '2018-05-01 01:26:30'),
('sw23', 1, 'Digital Communication', 100, 3, '2018-05-01 01:26:30'),
('sw24', 1, 'Human Computer Interaction', 100, 3, '2018-05-01 01:26:30'),
('sw25', 1, 'Software Requirement Engineering', 100, 3, '2018-05-01 01:26:30'),
('sw26', 1, 'Mobile Programming', 100, 3, '2018-05-01 01:26:30'),
('sw27', 1, 'Computer Networks & Management', 100, 3, '2018-05-01 02:14:37'),
('sw28', 1, 'Software Project Management', 100, 3, '2018-05-01 02:14:37'),
('sw29', 1, 'Statistics and Probability', 100, 3, '2018-05-01 02:14:37'),
('sw30', 1, 'Artificial Intelligence Concepts & Techniques', 100, 3, '2018-05-01 02:14:37'),
('sw31', 1, 'Technical Report Writing & Presentation Skills', 50, 2, '2018-05-01 02:14:37'),
('sw32', 1, 'Interactive Multimedia Systems & Graphics', 100, 3, '2018-05-01 02:32:25'),
('sw33', 1, 'Web Technologies', 100, 3, '2018-05-01 02:32:25'),
('sw34', 1, 'Software Design & Architecture', 100, 3, '2018-05-01 02:32:25'),
('sw35', 1, 'Computer Vision', 100, 3, '2018-05-01 02:32:25'),
('sw37', 1, 'Data Warehousing & Data Mining Techniques', 100, 3, '2018-05-01 12:56:34'),
('sw38', 1, 'Distributed Computing', 100, 3, '2018-05-01 12:56:34'),
('sw39', 1, 'Software Testing & Quality Assurance', 100, 3, '2018-05-01 12:56:34'),
('sw40', 1, 'Thesis/Project', 0, 0, '2018-05-01 12:56:34');

-- --------------------------------------------------------

--
-- Table structure for table `credit_mode`
--

CREATE TABLE `credit_mode` (
  `srno` int(11) NOT NULL,
  `courseCode` varchar(30) NOT NULL,
  `batch` varchar(11) NOT NULL,
  `sems` int(3) NOT NULL,
  `IsTheory` tinyint(1) NOT NULL COMMENT '1 means theory and 0 means no theory',
  `IsPractical` tinyint(1) NOT NULL COMMENT '1 means practical and 0 means no practical',
  `created_at` datetime NOT NULL DEFAULT CURRENT_TIMESTAMP
) ENGINE=InnoDB DEFAULT CHARSET=latin1;

--
-- Dumping data for table `credit_mode`
--

INSERT INTO `credit_mode` (`srno`, `courseCode`, `batch`, `sems`, `IsTheory`, `IsPractical`, `created_at`) VALUES
(1, 'sw01', '15', 1, 1, 0, '2018-06-26 18:23:48'),
(2, 'sw02', '15', 1, 1, 1, '2018-06-26 18:23:48'),
(3, 'sw03', '15', 1, 1, 1, '2018-06-26 18:23:48'),
(4, 'sw04', '15', 1, 1, 0, '2018-06-26 18:23:48'),
(5, 'sw05', '15', 1, 1, 1, '2018-06-26 18:23:48'),
(6, 'sw06', '15', 2, 1, 1, '2018-06-26 18:23:48'),
(7, 'sw07', '15', 2, 1, 1, '2018-06-26 18:23:48'),
(8, 'sw08', '15', 2, 1, 0, '2018-06-26 18:23:48'),
(9, 'sw09', '15', 2, 1, 0, '2018-06-26 18:23:48'),
(10, 'sw10', '15', 2, 1, 0, '2018-06-26 18:23:48'),
(11, 'sw11', '15', 2, 1, 0, '2018-06-26 18:23:48'),
(12, 'sw12', '15', 3, 1, 0, '2018-06-26 18:23:48'),
(13, 'sw13', '15', 3, 1, 1, '2018-06-26 18:23:48'),
(14, 'sw14', '15', 3, 1, 0, '2018-06-26 18:23:48'),
(15, 'sw15', '15', 3, 1, 0, '2018-06-26 18:23:48'),
(16, 'sw16', '15', 3, 1, 0, '2018-06-26 18:23:48'),
(17, 'sw17', '15', 4, 1, 1, '2018-06-26 18:23:48'),
(18, 'sw18', '15', 4, 1, 1, '2018-06-26 18:23:48'),
(19, 'sw19', '15', 4, 1, 0, '2018-06-26 18:23:48'),
(20, 'sw20', '15', 4, 1, 1, '2018-06-26 18:23:48'),
(21, 'sw21', '15', 4, 1, 0, '2018-06-26 18:23:48'),
(22, 'sw22', '15', 5, 1, 0, '2018-06-26 18:47:21'),
(23, 'sw23', '15', 5, 1, 1, '2018-06-26 18:47:21'),
(24, 'sw24', '15', 5, 1, 0, '2018-06-26 18:47:21'),
(25, 'sw25', '15', 5, 1, 0, '2018-06-26 18:47:21'),
(26, 'sw26', '15', 5, 1, 1, '2018-06-26 18:47:21'),
(27, 'sw27', '15', 6, 1, 1, '2018-06-26 18:47:21'),
(28, 'sw28', '15', 6, 1, 1, '2018-06-26 18:47:21'),
(29, 'sw29', '15', 6, 1, 0, '2018-06-26 18:47:21'),
(30, 'sw30', '15', 6, 1, 1, '2018-06-26 18:47:21'),
(31, 'sw31', '15', 6, 1, 0, '2018-06-26 18:47:21'),
(32, 'sw32', '15', 7, 1, 1, '2018-06-26 18:47:21'),
(33, 'sw33', '15', 7, 1, 1, '2018-06-26 18:47:21'),
(34, 'sw34', '15', 7, 1, 1, '2018-06-26 18:47:21'),
(35, 'sw35', '15', 7, 1, 1, '2018-06-26 18:47:21'),
(36, 'sw37', '15', 8, 1, 1, '2018-06-26 18:47:21'),
(37, 'sw38', '15', 8, 1, 1, '2018-06-26 18:47:21'),
(38, 'sw39', '15', 8, 1, 1, '2018-06-26 18:47:21'),
(39, 'sw40', '15', 8, 0, 1, '2018-06-26 18:47:21'),
(40, 'El 102', '16', 1, 1, 1, '2018-06-28 01:24:05'),
(41, 'sw01', '16', 1, 1, 0, '2018-06-30 01:14:25'),
(42, 'sw02', '16', 1, 1, 1, '2018-06-30 01:14:25'),
(43, 'sw03', '16', 1, 1, 1, '2018-06-30 01:14:25'),
(44, 'sw04', '16', 1, 1, 0, '2018-06-30 01:14:25'),
(45, 'sw05', '16', 1, 1, 1, '2018-06-30 01:14:25'),
(46, 'sw06', '16', 2, 1, 1, '2018-06-30 01:14:25'),
(47, 'sw07', '16', 2, 1, 1, '2018-06-30 01:14:25'),
(48, 'sw08', '16', 2, 1, 0, '2018-06-30 01:14:25'),
(49, 'sw09', '16', 2, 1, 0, '2018-06-30 01:14:25'),
(50, 'sw10', '16', 2, 1, 0, '2018-06-30 01:14:25'),
(51, 'sw11', '16', 2, 1, 0, '2018-06-30 01:14:25'),
(52, 'sw12', '16', 3, 1, 0, '2018-06-30 01:14:25'),
(53, 'sw13', '16', 3, 1, 1, '2018-06-30 01:14:25'),
(54, 'sw14', '16', 3, 1, 0, '2018-06-30 01:14:25'),
(55, 'sw15', '16', 3, 1, 0, '2018-06-30 01:14:25'),
(56, 'sw16', '16', 3, 1, 0, '2018-06-30 01:14:25'),
(57, 'sw17', '16', 4, 1, 1, '2018-06-30 01:14:25'),
(58, 'sw18', '16', 4, 1, 1, '2018-06-30 01:14:25'),
(59, 'sw19', '16', 4, 1, 0, '2018-06-30 01:14:25'),
(60, 'sw20', '16', 4, 1, 1, '2018-06-30 01:14:25'),
(61, 'sw21', '16', 4, 1, 0, '2018-06-30 01:14:25'),
(62, 'sw22', '16', 5, 1, 0, '2018-06-30 01:43:59'),
(63, 'sw23', '16', 5, 1, 1, '2018-06-30 01:43:59'),
(64, 'sw24', '16', 5, 1, 1, '2018-06-30 01:43:59'),
(65, 'sw25', '16', 5, 1, 0, '2018-06-30 01:43:59'),
(66, 'sw26', '16', 5, 1, 1, '2018-06-30 01:43:59'),
(67, 'sw27', '16', 6, 1, 1, '2018-06-30 01:43:59'),
(68, 'sw28', '16', 6, 1, 1, '2018-06-30 01:43:59'),
(69, 'sw29', '16', 6, 1, 0, '2018-06-30 01:43:59'),
(70, 'sw30', '16', 6, 1, 1, '2018-06-30 01:43:59'),
(71, 'sw31', '16', 6, 1, 0, '2018-06-30 01:43:59'),
(72, 'sw32', '16', 7, 1, 1, '2018-06-30 01:43:59'),
(73, 'sw33', '16', 7, 1, 1, '2018-06-30 01:43:59'),
(74, 'sw34', '16', 7, 1, 1, '2018-06-30 01:43:59'),
(75, 'sw35', '16', 7, 1, 1, '2018-06-30 01:43:59'),
(76, 'sw37', '16', 8, 1, 1, '2018-06-30 01:43:59'),
(77, 'sw38', '16', 8, 1, 1, '2018-06-30 01:43:59'),
(78, 'sw39', '16', 8, 1, 1, '2018-06-30 01:43:59'),
(79, 'sw40', '16', 8, 0, 1, '2018-06-30 01:43:59');

-- --------------------------------------------------------

--
-- Table structure for table `crud`
--

CREATE TABLE `crud` (
  `srno` int(11) NOT NULL,
  `staffId` varchar(11) NOT NULL,
  `id` varchar(30) NOT NULL,
  `colName` varchar(50) DEFAULT NULL,
  `chVal` text,
  `prevVal` text,
  `tableName` varchar(100) NOT NULL,
  `status` tinyint(1) NOT NULL COMMENT '1 for creation0 for editing 2 for verified students ',
  `created_at` datetime NOT NULL DEFAULT CURRENT_TIMESTAMP,
  `comment` text
) ENGINE=InnoDB DEFAULT CHARSET=latin1;

--
-- Dumping data for table `crud`
--

INSERT INTO `crud` (`srno`, `staffId`, `id`, `colName`, `chVal`, `prevVal`, `tableName`, `status`, `created_at`, `comment`) VALUES
(1, '4040', '5', NULL, NULL, NULL, 'role', 1, '2018-10-01 18:44:52', NULL),
(2, '4040', '4077', 'pic(picture)', 'yg133cTCa4cqtMaPxlFoC9RSfXUQNeW2cAyHzTGs.jpeg', 'rXMwVetjioNZyqC3EqRAp7xU28wyhcnq4JvEVqlL.jpeg', 'staff', 0, '2018-10-01 18:50:57', NULL),
(3, '4040', '4077', NULL, NULL, NULL, 'empaccountsinfo', 1, '2018-10-01 18:50:57', NULL),
(4, '4040', '6', NULL, NULL, NULL, 'role', 1, '2018-10-01 18:56:15', NULL),
(5, '4040', '1015', NULL, NULL, NULL, 'empaccountsinfo', 1, '2018-10-01 18:57:19', NULL),
(6, '1015', '1015', 'pic(picture)', '0plZM7n6V7SfAV1ypecYs0utNhZWZKkmyeFKgDID.jpeg', '1y7r4Q4i3nyuDwZquUOF9agaMwjqb8XzzIc3j46O.jpeg', 'staff', 0, '2018-10-01 18:58:15', NULL),
(7, '1015', '15sw27', 'status', '-1', '1', 'stdinfo', 0, '2018-10-01 19:02:57', NULL),
(8, '1015', '15sw02', NULL, NULL, NULL, 'documents', 2, '2018-10-01 19:08:54', NULL),
(9, '1015', '15sw02', NULL, NULL, NULL, 'documents', 2, '2018-10-01 19:09:06', NULL),
(10, '4040', '15sw22', NULL, NULL, NULL, 'documents', 2, '2018-10-02 16:08:28', NULL),
(11, '4040', '15sw27', 'status', '1', '-1', 'stdinfo', 0, '2018-10-02 16:30:10', NULL),
(12, '4040', '15sw40', NULL, NULL, NULL, 'documents', 2, '2018-10-02 16:30:54', NULL),
(13, '4040', '4040', 'pass(password)', '$2y$10$7nx3OgxOMgkeTzliXvyXSe1Xqmj3OZsKZpblR5ieTKH8F70m5DID2', '$2y$10$u9Ls9enUcc4CgtiJWAEupuWEYCZZ.oW8yWjuNfCmuWpGKUscz24aS', 'empaccountsinfo', 0, '2018-10-02 16:36:46', NULL),
(14, '4040', '15sw18', 'surname', 'Paracha', 'Qureshi', 'stdinfo', 0, '2018-10-02 17:00:24', NULL),
(15, '4040', '15sw18', 'domicile', 'hyderabad', 'jacobabad', 'stdinfo', 0, '2018-10-02 17:00:24', NULL),
(16, '4040', '15sw18', 'country', 'pakistan', 'nepal', 'stdinfo', 0, '2018-10-02 17:00:24', NULL),
(17, '4040', '15sw18', 'addr(address)', 'Market road hyderabad', 'jacobabad city near hospital', 'stdinfo', 0, '2018-10-02 17:00:24', NULL),
(18, '4040', '15sw18', 'email', 'anumnaz20@gmail.com', 'rukhsarq05@gmail.com', 'stdinfo', 0, '2018-10-02 17:00:24', NULL),
(19, '4040', '15sw58', 'markObtInTh', '70', '40', 'stdexaminfo', 0, '2018-10-02 17:09:28', 'sw02'),
(20, '4040', '15sw58', 'pic(picture)', '(2018-10-02-12-10-54)(15sw58).jpg', '(2018-08-06-08-08-04)(15sw58).jpg', 'stdinfo', 0, '2018-10-02 17:09:54', NULL),
(21, '4040', '15sw46', 'domicile', 'hyderabad', 'mirpurkhas', 'stdinfo', 0, '2018-10-02 17:32:33', NULL),
(22, '4040', '15sw46', 'addr(address)', 'Hyderabad latifabad', 'Mirpurkhas', 'stdinfo', 0, '2018-10-02 17:32:33', NULL),
(23, '4040', '15sw46', 'markObtInTh', '84', '80', 'stdexaminfo', 0, '2018-10-02 17:38:04', 'sw39');

-- --------------------------------------------------------

--
-- Table structure for table `customer`
--

CREATE TABLE `customer` (
  `rollNo` varchar(30) NOT NULL,
  `noOfBooksBorr` int(11) NOT NULL,
  `status` smallint(1) NOT NULL,
  `created_at` datetime NOT NULL DEFAULT CURRENT_TIMESTAMP
) ENGINE=InnoDB DEFAULT CHARSET=latin1;

-- --------------------------------------------------------

--
-- Table structure for table `dept`
--

CREATE TABLE `dept` (
  `id` int(11) NOT NULL,
  `name` varchar(255) NOT NULL,
  `facultyId` int(30) NOT NULL,
  `created_at` datetime NOT NULL DEFAULT CURRENT_TIMESTAMP
) ENGINE=InnoDB DEFAULT CHARSET=latin1;

--
-- Dumping data for table `dept`
--

INSERT INTO `dept` (`id`, `name`, `facultyId`, `created_at`) VALUES
(1, 'Software Engineering', 1, '2018-04-27 02:19:33'),
(2, 'Computer Systems Enginnering', 1, '2018-04-27 02:19:33'),
(3, 'Mechanical Engineering', 3, '2018-04-27 02:19:33'),
(4, 'Civil Engineering', 2, '2018-04-27 02:19:33'),
(5, 'Bio-Medical Engineering', 1, '2018-04-27 23:12:16'),
(7, 'Electrical Engineering', 1, '2018-04-27 23:14:04'),
(8, 'Telecommunication Engineering', 1, '2018-04-27 23:14:04'),
(9, 'Electronic Engineering', 1, '2018-04-27 23:15:00'),
(10, 'Architecture Engineering', 2, '2018-05-01 16:37:36'),
(11, 'City & Regional Planning', 2, '2018-05-01 16:37:36'),
(12, 'Environmental Engineering', 2, '2018-05-01 16:37:36'),
(13, 'Institute of Water Resources Engineering & Management', 2, '2018-05-01 16:37:36'),
(14, 'Industrial Engineering & Management', 3, '2018-05-01 16:44:15'),
(15, 'Metallurgy & Materials Engineering', 3, '2018-05-01 16:44:15'),
(16, 'Mining Engineering', 3, '2018-05-01 16:44:15'),
(17, 'Petroleum & Natural Gas Engineering', 3, '2018-05-01 16:44:15'),
(18, 'Textile Engineering', 3, '2018-05-01 16:44:15'),
(19, 'Chemical Engineering', 3, '2018-05-01 16:44:15');

-- --------------------------------------------------------

--
-- Table structure for table `documents`
--

CREATE TABLE `documents` (
  `rollNo` varchar(30) NOT NULL,
  `algD` varchar(50) NOT NULL,
  `algP` varchar(50) NOT NULL,
  `algT` varchar(50) NOT NULL,
  `dod` date NOT NULL,
  `position` tinyint(1) DEFAULT NULL,
  `division` tinyint(1) DEFAULT NULL,
  `cgpa` float NOT NULL,
  `dop` date NOT NULL,
  `doe` date NOT NULL,
  `created_at` datetime NOT NULL DEFAULT CURRENT_TIMESTAMP,
  `status` tinyint(1) NOT NULL,
  `srno` int(11) NOT NULL
) ENGINE=InnoDB DEFAULT CHARSET=latin1;

--
-- Dumping data for table `documents`
--

INSERT INTO `documents` (`rollNo`, `algD`, `algP`, `algT`, `dod`, `position`, `division`, `cgpa`, `dop`, `doe`, `created_at`, `status`, `srno`) VALUES
('15sw02', 'YYMIGW1Q9FYBNLD', 'SHO/ME7SN7A0U5P', 'MLL3ETDNAORVZJT', '2018-10-10', 0, NULL, 3.79, '2018-10-20', '2018-09-12', '2018-10-01 19:08:54', 1, 5),
('15sw02', 'LOHYHRYY//X9JLD', '2GNCY6CVD3UDHDP', 'GVGNI5SLGYGMRWT', '2018-10-10', 0, NULL, 3.79, '2018-10-20', '2018-09-12', '2018-10-01 19:09:06', 1, 6),
('15sw22', 'DF/G06NXGJ9NF8D', 'PGDGNHC9MJ7ZDUP', 'AQ3WN2PMIONXXET', '2018-10-26', 0, NULL, 3.79, '2018-10-14', '2018-10-31', '2018-10-02 16:08:28', 1, 7),
('15sw40', 'FF5VJA1XBGGBSAD', 'A6RSDYCTU1ADO8P', 'WRQPJLRSQDEP3UT', '2018-10-10', 2, NULL, 3.95, '2018-10-15', '2018-09-12', '2018-10-02 16:30:54', 1, 8);

-- --------------------------------------------------------

--
-- Table structure for table `document_type`
--

CREATE TABLE `document_type` (
  `id` int(11) NOT NULL,
  `name` varchar(255) NOT NULL,
  `template` mediumblob NOT NULL,
  `created_at` datetime NOT NULL DEFAULT CURRENT_TIMESTAMP
) ENGINE=InnoDB DEFAULT CHARSET=latin1;

-- --------------------------------------------------------

--
-- Table structure for table `domain`
--

CREATE TABLE `domain` (
  `id` int(11) NOT NULL,
  `name` varchar(255) NOT NULL,
  `created_at` datetime NOT NULL DEFAULT CURRENT_TIMESTAMP
) ENGINE=InnoDB DEFAULT CHARSET=latin1;

--
-- Dumping data for table `domain`
--

INSERT INTO `domain` (`id`, `name`, `created_at`) VALUES
(1, 'AFFECTIVE', '2018-05-09 22:30:36'),
(2, 'COGNITIVE', '2018-05-09 22:30:36'),
(3, 'PSYCHOMOTOR ', '2018-05-09 22:30:36');

-- --------------------------------------------------------

--
-- Table structure for table `edusystem`
--

CREATE TABLE `edusystem` (
  `id` int(11) NOT NULL,
  `name` varchar(254) NOT NULL,
  `fromBatch` varchar(11) NOT NULL,
  `created_at` datetime NOT NULL DEFAULT CURRENT_TIMESTAMP
) ENGINE=InnoDB DEFAULT CHARSET=latin1;

--
-- Dumping data for table `edusystem`
--

INSERT INTO `edusystem` (`id`, `name`, `fromBatch`, `created_at`) VALUES
(1, 'CGPA System', '13', '2018-04-28 01:07:31'),
(2, 'OBE System', '16', '2018-04-28 01:07:31'),
(3, 'CGPA System', '14', '2018-05-09 22:02:33'),
(4, 'CGPA System', '15', '2018-05-09 22:02:33'),
(5, 'OBE System', 'F-16', '2018-05-09 22:08:10'),
(6, 'OBE System', '17', '2018-05-09 22:08:10');

-- --------------------------------------------------------

--
-- Table structure for table `empaccountsinfo`
--

CREATE TABLE `empaccountsinfo` (
  `srno` int(11) NOT NULL,
  `staffid` varchar(11) NOT NULL,
  `email` varchar(255) NOT NULL,
  `pass` varchar(254) NOT NULL,
  `role` int(11) NOT NULL DEFAULT '2',
  `status` tinyint(1) NOT NULL COMMENT '1 active\n0 inactive',
  `created_at` datetime NOT NULL DEFAULT CURRENT_TIMESTAMP
) ENGINE=InnoDB DEFAULT CHARSET=latin1;

--
-- Dumping data for table `empaccountsinfo`
--

INSERT INTO `empaccountsinfo` (`srno`, `staffid`, `email`, `pass`, `role`, `status`, `created_at`) VALUES
(1, '4040', 'imroozkhan07@gmail.com', '$2y$10$qEymFon6mxS0meKPMcZ5b.7IvAv3CemmdY1wMaRbiZEfbJMQZ9tBm', 1, 1, '2018-07-14 15:10:43'),
(25, '4077', 'abdulbashir@gmail.com', '$2y$10$PGnIOu2zZOQJ6zkJ5su6YOszfnHNMxFJaZk0ZaxSA0V67Ue1DRx6C', 5, 1, '2018-10-01 18:50:57'),
(26, '1015', 'samiasghar12@gmail.com', '$2y$10$sni7qXWoTT0Ow.usqmcag.t1S5Opo5Y7sbLMnawoqd.hvwy6QDPmC', 6, 1, '2018-10-01 18:57:19');

-- --------------------------------------------------------

--
-- Table structure for table `emp_notification`
--

CREATE TABLE `emp_notification` (
  `srno` int(11) NOT NULL,
  `staffId` varchar(11) NOT NULL,
  `checkDate` datetime NOT NULL DEFAULT CURRENT_TIMESTAMP
) ENGINE=InnoDB DEFAULT CHARSET=latin1;

--
-- Dumping data for table `emp_notification`
--

INSERT INTO `emp_notification` (`srno`, `staffId`, `checkDate`) VALUES
(50, '4040', '2018-07-14 13:53:01'),
(51, '1234', '2018-07-16 11:22:38'),
(52, '4040', '2018-07-16 23:36:23'),
(53, '1234', '2018-07-18 00:18:15'),
(54, '1234', '2018-07-19 00:33:15'),
(55, '4040', '2018-07-19 00:36:44'),
(56, '1015', '2018-07-19 02:54:52'),
(63, '1234', '2018-07-19 10:52:08'),
(64, '1234', '2018-07-19 10:52:45'),
(65, '1234', '2018-07-19 10:58:07'),
(66, '1015', '2018-07-19 10:59:55'),
(67, '4040', '2018-07-23 14:48:50'),
(68, '1234', '2018-07-29 12:44:06'),
(69, '1234', '2018-07-29 17:45:57'),
(70, '4040', '2018-07-29 17:58:00'),
(71, '4040', '2018-07-29 17:58:08'),
(72, '4040', '2018-07-29 17:58:33'),
(73, '4040', '2018-07-29 17:58:52'),
(74, '4040', '2018-07-29 17:59:05'),
(75, '1234', '2018-07-30 01:58:38'),
(76, '1234', '2018-07-30 01:58:43'),
(77, '1234', '2018-07-30 01:59:01'),
(78, '1234', '2018-07-30 20:05:14'),
(79, '4040', '2018-07-30 20:13:04'),
(80, '4040', '2018-07-30 20:15:02'),
(81, '1234', '2018-07-30 20:17:46'),
(82, '1234', '2018-07-30 20:25:49'),
(83, '1234', '2018-07-30 20:35:22'),
(84, '1234', '2018-07-30 20:46:29'),
(85, '1234', '2018-07-30 21:10:40'),
(86, '1234', '2018-07-30 21:47:31'),
(87, '1234', '2018-07-30 22:17:21'),
(88, '4040', '2018-07-30 23:12:14'),
(89, '1234', '2018-07-30 23:15:20'),
(90, '4040', '2018-07-31 08:12:26'),
(91, '1015', '2018-08-01 23:47:39'),
(92, '1015', '2018-08-02 00:39:25'),
(93, '4040', '2018-08-02 18:15:36'),
(94, '4040', '2018-08-02 18:22:08'),
(95, '4040', '2018-08-03 01:17:13'),
(96, '4040', '2018-08-03 19:59:55'),
(97, '1234', '2018-08-04 02:04:25'),
(98, '4040', '2018-08-04 14:34:20'),
(99, '4040', '2018-08-04 14:34:21'),
(100, '4040', '2018-08-05 18:31:41'),
(101, '4040', '2018-08-06 09:25:58'),
(102, '4040', '2018-08-06 23:55:34'),
(103, '4040', '2018-08-07 00:56:40'),
(104, '1234', '2018-08-11 00:18:38'),
(105, '1015', '2018-08-11 12:20:04'),
(106, '4040', '2018-08-11 12:52:42'),
(107, '1234', '2018-08-11 13:02:35'),
(108, '1234', '2018-08-11 13:08:42'),
(109, '1015', '2018-08-11 16:43:02'),
(110, '1234', '2018-08-11 19:02:40'),
(111, 'sw/101', '2018-08-11 19:15:27'),
(112, '4077', '2018-08-12 02:11:56'),
(113, '4077', '2018-08-12 17:05:07'),
(114, '4040', '2018-08-13 23:51:46'),
(115, '4040', '2018-08-13 23:51:47'),
(0, '4040', '2018-08-18 15:40:16'),
(0, '4040', '2018-08-18 15:41:25'),
(0, '4077', '2018-08-18 22:26:04'),
(0, '1015', '2018-08-18 23:59:28'),
(0, 'sw101', '2018-08-19 00:31:14'),
(0, '1015', '2018-08-19 00:41:31'),
(0, '4040', '2018-08-19 01:46:44'),
(0, '4040', '2018-08-19 01:46:45'),
(0, '4040', '2018-08-20 13:59:00'),
(0, '4040', '2018-08-20 13:59:01'),
(0, '4040', '2018-08-20 13:59:26'),
(0, '4040', '2018-08-20 14:04:30'),
(0, '1015', '2018-08-20 22:29:22'),
(0, '1015', '2018-08-20 22:34:02'),
(0, '1015', '2018-08-26 02:16:00'),
(0, '4077', '2018-08-26 03:23:30'),
(0, '1015', '2018-08-26 17:32:39'),
(0, '4040', '2018-08-27 21:59:17'),
(0, '1015', '2018-09-30 23:25:59'),
(0, '4077', '2018-10-01 18:05:48'),
(0, '4077', '2018-10-01 18:50:57'),
(0, '1015', '2018-10-01 18:57:19'),
(0, '4040', '2018-10-02 16:02:06'),
(0, '4040', '2018-10-02 16:02:29'),
(0, '4040', '2018-10-02 16:02:38');

-- --------------------------------------------------------

--
-- Table structure for table `faculty`
--

CREATE TABLE `faculty` (
  `id` int(11) NOT NULL,
  `name` varchar(255) NOT NULL,
  `created_at` datetime NOT NULL DEFAULT CURRENT_TIMESTAMP,
  `campusId` int(11) NOT NULL
) ENGINE=InnoDB DEFAULT CHARSET=latin1;

--
-- Dumping data for table `faculty`
--

INSERT INTO `faculty` (`id`, `name`, `created_at`, `campusId`) VALUES
(1, 'Faculty of Electrical, Electronic & Computer Engineering', '2018-04-27 02:17:14', 1),
(2, 'Faculty of Architecture & Civil Engineering', '2018-04-27 02:17:14', 1),
(3, 'Faculty of Engineering', '2018-05-01 16:28:51', 1),
(4, 'Faculty of Technology', '2018-05-01 16:28:51', 1);

-- --------------------------------------------------------

--
-- Table structure for table `gradingmarks`
--

CREATE TABLE `gradingmarks` (
  `gradeId` int(11) NOT NULL,
  `totalMarks` smallint(5) NOT NULL,
  `minMarks` smallint(5) NOT NULL,
  `maxMarks` smallint(5) NOT NULL,
  `systemId` int(11) NOT NULL,
  `created_at` datetime NOT NULL DEFAULT CURRENT_TIMESTAMP
) ENGINE=InnoDB DEFAULT CHARSET=latin1;

--
-- Dumping data for table `gradingmarks`
--

INSERT INTO `gradingmarks` (`gradeId`, `totalMarks`, `minMarks`, `maxMarks`, `systemId`, `created_at`) VALUES
(1, 50, 42, 50, 1, '2018-05-01 14:13:51'),
(1, 100, 85, 100, 1, '2018-05-01 14:13:51'),
(1, 150, 127, 150, 1, '2018-05-01 14:13:51'),
(1, 200, 170, 200, 1, '2018-05-01 14:13:51'),
(2, 50, 40, 41, 1, '2018-05-01 14:16:34'),
(2, 100, 80, 84, 1, '2018-05-01 14:16:34'),
(2, 150, 120, 126, 1, '2018-05-01 14:16:34'),
(2, 200, 160, 169, 1, '2018-05-01 14:16:34'),
(3, 50, 37, 39, 1, '2018-05-01 14:19:41'),
(3, 100, 75, 79, 1, '2018-05-01 14:19:41'),
(3, 150, 112, 119, 1, '2018-05-01 14:19:41'),
(3, 200, 150, 159, 1, '2018-05-01 14:19:41'),
(4, 50, 35, 36, 1, '2018-05-01 14:21:16'),
(4, 100, 70, 74, 1, '2018-05-01 14:21:16'),
(4, 150, 105, 111, 1, '2018-05-01 14:21:16'),
(4, 200, 140, 149, 1, '2018-05-01 14:21:16'),
(5, 50, 32, 34, 1, '2018-05-01 14:23:17'),
(5, 100, 65, 69, 1, '2018-05-01 14:23:17'),
(5, 150, 97, 104, 1, '2018-05-01 14:23:17'),
(5, 200, 130, 139, 1, '2018-05-01 14:23:17'),
(6, 50, 30, 31, 1, '2018-05-01 14:24:36'),
(6, 100, 60, 64, 1, '2018-05-01 14:24:36'),
(6, 150, 90, 96, 1, '2018-05-01 14:24:36'),
(6, 200, 120, 129, 1, '2018-05-01 14:24:36'),
(7, 50, 27, 29, 1, '2018-05-01 14:26:04'),
(7, 100, 55, 59, 1, '2018-05-01 14:26:04'),
(7, 150, 82, 89, 1, '2018-05-01 14:26:04'),
(7, 200, 110, 119, 1, '2018-05-01 14:26:04'),
(8, 50, 25, 26, 1, '2018-05-01 14:28:09'),
(8, 100, 50, 54, 1, '2018-05-01 14:28:09'),
(8, 150, 75, 81, 1, '2018-05-01 14:28:09'),
(8, 200, 100, 109, 1, '2018-05-01 14:28:09'),
(9, 50, 0, 24, 1, '2018-05-01 14:31:04'),
(9, 100, 0, 49, 1, '2018-05-01 14:31:04'),
(9, 150, 0, 0, 1, '2018-05-01 14:31:04'),
(9, 200, 0, 99, 1, '2018-05-01 14:31:04');

-- --------------------------------------------------------

--
-- Table structure for table `gradingpoint`
--

CREATE TABLE `gradingpoint` (
  `id` int(11) NOT NULL,
  `grade` varchar(100) NOT NULL,
  `point` float NOT NULL,
  `created_at` datetime NOT NULL DEFAULT CURRENT_TIMESTAMP
) ENGINE=InnoDB DEFAULT CHARSET=latin1;

--
-- Dumping data for table `gradingpoint`
--

INSERT INTO `gradingpoint` (`id`, `grade`, `point`, `created_at`) VALUES
(1, 'A+', 4, '2018-05-01 14:11:00'),
(2, 'A', 3.75, '2018-05-01 14:11:00'),
(3, 'B+', 3.5, '2018-05-01 14:11:00'),
(4, 'B', 3, '2018-05-01 14:11:00'),
(5, 'C+', 2.5, '2018-05-01 14:11:00'),
(6, 'C', 2, '2018-05-01 14:12:02'),
(7, 'D+', 1.5, '2018-05-01 14:12:02'),
(8, 'D', 1, '2018-05-01 14:12:02'),
(9, 'F', 0, '2018-05-01 14:12:02');

-- --------------------------------------------------------

--
-- Table structure for table `issue_book`
--

CREATE TABLE `issue_book` (
  `ISBN` int(13) NOT NULL,
  `rollNo` varchar(30) NOT NULL,
  `created_at` datetime NOT NULL DEFAULT CURRENT_TIMESTAMP
) ENGINE=InnoDB DEFAULT CHARSET=latin1;

-- --------------------------------------------------------

--
-- Table structure for table `levels`
--

CREATE TABLE `levels` (
  `id` varchar(25) NOT NULL,
  `description` varchar(255) NOT NULL,
  `domainId` int(11) NOT NULL,
  `created_at` datetime NOT NULL DEFAULT CURRENT_TIMESTAMP
) ENGINE=InnoDB DEFAULT CHARSET=latin1;

--
-- Dumping data for table `levels`
--

INSERT INTO `levels` (`id`, `description`, `domainId`, `created_at`) VALUES
('A1', 'Receiving\r\nphenomena', 1, '2018-05-09 22:48:04'),
('A2', 'Responding\r\nphenomena', 1, '2018-05-09 22:48:04'),
('A3', 'Valuing\r\n', 1, '2018-05-09 22:48:04'),
('A4', 'Organizing values', 1, '2018-05-09 22:48:04'),
('A6', 'Internalizing\r\nvalue', 1, '2018-05-09 22:48:04'),
('C1', 'Knowledge', 2, '2018-05-09 22:45:30'),
('C2', 'Comprehension', 2, '2018-05-09 22:45:30'),
('C3', 'Application', 2, '2018-05-09 22:45:30'),
('C4 ', 'Analysis', 2, '2018-05-09 22:45:30'),
('C5', 'Synthesis', 2, '2018-05-09 22:45:30'),
('C6', 'Evaluation', 2, '2018-05-09 22:45:30'),
('P1', 'Perception', 3, '2018-05-09 22:50:30'),
('P2', 'Set', 3, '2018-05-09 22:50:30'),
('P3', 'Guided Response', 3, '2018-05-09 22:50:30'),
('P4', 'Mechanism', 3, '2018-05-09 22:50:30'),
('P5', 'Complex Overt\r\nResponse', 3, '2018-05-09 22:50:30'),
('P6', 'Adaptation', 3, '2018-05-09 22:50:30'),
('P7', 'Origination', 3, '2018-05-09 22:50:30');

-- --------------------------------------------------------

--
-- Table structure for table `memos`
--

CREATE TABLE `memos` (
  `to` varchar(255) NOT NULL,
  `from` varchar(255) NOT NULL,
  `staffId` varchar(11) NOT NULL,
  `file` mediumblob NOT NULL,
  `type` varchar(255) NOT NULL,
  `subject` text NOT NULL,
  `created_at` datetime NOT NULL DEFAULT CURRENT_TIMESTAMP
) ENGINE=InnoDB DEFAULT CHARSET=latin1;

-- --------------------------------------------------------

--
-- Table structure for table `notification`
--

CREATE TABLE `notification` (
  `srno` int(11) NOT NULL,
  `type` tinyint(1) NOT NULL COMMENT '0 for student, 1 for employee',
  `status` tinyint(1) NOT NULL COMMENT '1 for create, 0 for update,-1 for delete -2 for reported 2 for verified students',
  `staffid` varchar(11) NOT NULL COMMENT 'By Id',
  `id` varchar(11) NOT NULL COMMENT 'from Id',
  `colName` varchar(50) DEFAULT NULL,
  `created_at` datetime NOT NULL DEFAULT CURRENT_TIMESTAMP,
  `comment` text
) ENGINE=InnoDB DEFAULT CHARSET=latin1;

--
-- Dumping data for table `notification`
--

INSERT INTO `notification` (`srno`, `type`, `status`, `staffid`, `id`, `colName`, `created_at`, `comment`) VALUES
(1, 1, 0, '4040', '4077', 'pic(picture)', '2018-10-01 18:50:57', NULL),
(2, 1, 1, '4040', '4077', NULL, '2018-10-01 18:50:57', NULL),
(3, 1, 1, '4040', '1015', NULL, '2018-10-01 18:57:19', NULL),
(4, 0, -1, '1015', '15sw27', 'status', '2018-10-01 19:02:57', NULL),
(5, 0, 2, '1015', '15sw02', NULL, '2018-10-01 19:08:54', NULL),
(6, 0, 2, '1015', '15sw02', NULL, '2018-10-01 19:09:06', NULL),
(7, 0, 2, '4040', '15sw22', NULL, '2018-10-02 16:08:28', NULL),
(8, 0, -1, '4040', '15sw27', NULL, '2018-10-02 16:30:10', NULL),
(9, 0, 2, '4040', '15sw40', NULL, '2018-10-02 16:30:54', NULL),
(10, 0, 0, '4040', '15sw18', 'surname', '2018-10-02 17:00:24', NULL),
(11, 0, 0, '4040', '15sw18', 'domicile', '2018-10-02 17:00:24', NULL),
(12, 0, 0, '4040', '15sw18', 'country', '2018-10-02 17:00:24', NULL),
(13, 0, 0, '4040', '15sw18', 'addr(address)', '2018-10-02 17:00:24', NULL),
(14, 0, 0, '4040', '15sw18', 'email', '2018-10-02 17:00:24', NULL),
(15, 0, 0, '4040', '15sw58', 'markObtInTh', '2018-10-02 17:09:28', 'sw02'),
(16, 0, 0, '4040', '15sw58', 'pic(picture)', '2018-10-02 17:09:54', NULL),
(17, 0, 0, '4040', '15sw46', 'domicile', '2018-10-02 17:32:33', NULL),
(18, 0, 0, '4040', '15sw46', 'addr(address)', '2018-10-02 17:32:33', NULL),
(19, 0, 0, '4040', '15sw46', 'markObtInTh', '2018-10-02 17:38:04', 'sw39');

-- --------------------------------------------------------

--
-- Table structure for table `peo`
--

CREATE TABLE `peo` (
  `id` int(11) NOT NULL,
  `noOfPEOs` int(11) NOT NULL,
  `deptId` int(11) NOT NULL,
  `created_at` datetime NOT NULL DEFAULT CURRENT_TIMESTAMP
) ENGINE=InnoDB DEFAULT CHARSET=latin1;

-- --------------------------------------------------------

--
-- Table structure for table `peo_plo`
--

CREATE TABLE `peo_plo` (
  `id` int(11) NOT NULL,
  `name` varchar(254) NOT NULL,
  `ploId` int(11) NOT NULL,
  `created_at` datetime NOT NULL DEFAULT CURRENT_TIMESTAMP
) ENGINE=InnoDB DEFAULT CHARSET=latin1;

-- --------------------------------------------------------

--
-- Table structure for table `plo`
--

CREATE TABLE `plo` (
  `id` int(11) NOT NULL,
  `name` varchar(25) NOT NULL,
  `description` varchar(255) NOT NULL,
  `created_at` datetime NOT NULL DEFAULT CURRENT_TIMESTAMP
) ENGINE=InnoDB DEFAULT CHARSET=latin1;

--
-- Dumping data for table `plo`
--

INSERT INTO `plo` (`id`, `name`, `description`, `created_at`) VALUES
(1, 'PLO1', 'Engineering Knowledge', '2018-05-09 23:31:51'),
(2, 'PLO2', 'Problem Analysis', '2018-05-09 23:31:51'),
(3, 'PLO3', 'Design/Development of\r\nSolutions', '2018-05-09 23:31:51'),
(4, 'PLO4', 'Investigation ', '2018-05-09 23:31:51'),
(5, 'PLO5', 'Modern Tool Usage ', '2018-05-09 23:31:51'),
(6, 'PLO6', 'The Engineer and Society', '2018-05-09 23:31:51'),
(7, 'PLO7', 'Environment and Sustainability', '2018-05-09 23:31:51'),
(8, 'PLO8', 'Ethics ', '2018-05-09 23:31:51'),
(9, 'PLO9', 'Individual and Team Work', '2018-05-09 23:31:51'),
(10, 'PLO10', 'Communication', '2018-05-09 23:31:51'),
(11, 'PLO11', 'Project Management', '2018-05-09 23:31:51'),
(12, 'PLO12', 'Lifelong Learning', '2018-05-09 23:31:51');

-- --------------------------------------------------------

--
-- Table structure for table `practicals`
--

CREATE TABLE `practicals` (
  `courseCode` varchar(30) NOT NULL,
  `maximumMarks` int(5) NOT NULL,
  `creditHour` tinyint(1) NOT NULL,
  `created_at` datetime NOT NULL DEFAULT CURRENT_TIMESTAMP
) ENGINE=InnoDB DEFAULT CHARSET=latin1;

--
-- Dumping data for table `practicals`
--

INSERT INTO `practicals` (`courseCode`, `maximumMarks`, `creditHour`, `created_at`) VALUES
('ME 101', 100, 2, '2018-04-30 11:30:09'),
('ME 111  ', 50, 1, '2018-04-30 11:30:09'),
('El 102', 50, 1, '2018-04-30 23:25:59'),
('ME 141', 100, 2, '2018-04-30 23:25:59'),
('sw02', 50, 1, '2018-04-30 23:41:48'),
('sw03', 50, 1, '2018-04-30 23:41:48'),
('sw05', 50, 1, '2018-04-30 23:41:48'),
('sw06', 50, 1, '2018-05-01 00:27:41'),
('sw07', 50, 1, '2018-05-01 00:27:41'),
('sw13', 50, 1, '2018-05-01 00:32:14'),
('sw17', 50, 1, '2018-05-01 00:39:19'),
('sw18', 50, 1, '2018-05-01 00:39:19'),
('sw20', 50, 1, '2018-05-01 00:39:19'),
('sw23', 50, 1, '2018-05-01 02:07:48'),
('sw26', 50, 1, '2018-05-01 02:07:48'),
('sw27', 50, 1, '2018-05-01 02:15:45'),
('sw28', 50, 1, '2018-05-01 02:15:45'),
('sw30', 50, 1, '2018-05-01 02:15:45'),
('sw32', 50, 1, '2018-05-01 12:49:16'),
('sw33', 50, 1, '2018-05-01 12:49:16'),
('sw34', 50, 1, '2018-05-01 12:49:16'),
('sw35', 50, 1, '2018-05-01 12:49:16'),
('sw37', 50, 1, '2018-05-01 13:00:27'),
('sw38', 50, 1, '2018-05-01 13:00:27'),
('sw39', 50, 1, '2018-05-01 13:00:27'),
('sw40', 200, 6, '2018-05-01 13:00:27'),
('sw24', 50, 1, '2018-06-08 02:59:30');

-- --------------------------------------------------------

--
-- Table structure for table `price_details`
--

CREATE TABLE `price_details` (
  `categoryId` int(10) NOT NULL,
  `unitPrice` int(10) NOT NULL,
  `quantity` smallint(6) NOT NULL,
  `created_at` datetime NOT NULL DEFAULT CURRENT_TIMESTAMP
) ENGINE=InnoDB DEFAULT CHARSET=latin1;

-- --------------------------------------------------------

--
-- Table structure for table `privilege`
--

CREATE TABLE `privilege` (
  `id` int(11) NOT NULL,
  `prevDesc` text NOT NULL,
  `created_at` datetime NOT NULL DEFAULT CURRENT_TIMESTAMP
) ENGINE=InnoDB DEFAULT CHARSET=latin1;

--
-- Dumping data for table `privilege`
--

INSERT INTO `privilege` (`id`, `prevDesc`, `created_at`) VALUES
(1, 'view verified student information', '2018-08-11 00:00:14'),
(2, 'view verified students degree', '2018-04-23 13:31:29'),
(3, 'view verified students pass certificate', '2018-04-23 13:31:41'),
(4, 'view verified students transcript', '2018-04-23 13:31:57'),
(5, 'edit graduation documents of students', '2018-04-23 13:33:35'),
(6, 'edit students personal information ', '2018-04-23 13:34:22'),
(7, 'edit student\'s transcript', '2018-04-23 13:35:30'),
(8, 'create employee account', '2018-04-23 13:36:29'),
(9, 'edit employee account information', '2018-04-23 13:37:05'),
(10, 'deactivate employee account', '2018-04-23 13:37:41'),
(11, 'delete student', '2018-08-11 00:01:08'),
(12, 'report verified student', '2018-08-11 00:01:08'),
(13, 'view employee account information', '2018-04-23 13:39:20');

-- --------------------------------------------------------

--
-- Table structure for table `product`
--

CREATE TABLE `product` (
  `id` int(11) NOT NULL,
  `name` varchar(255) NOT NULL,
  `categoryId` int(10) NOT NULL,
  `serialNo` varchar(255) NOT NULL,
  `warantyDate` date NOT NULL,
  `arrivalDate` date NOT NULL,
  `discarderdDate` date NOT NULL,
  `status` tinyint(1) NOT NULL,
  `deptId` int(11) NOT NULL,
  `location` text NOT NULL,
  `vendorName` varchar(255) DEFAULT NULL,
  `specification` text,
  `created_at` datetime NOT NULL DEFAULT CURRENT_TIMESTAMP
) ENGINE=InnoDB DEFAULT CHARSET=latin1;

-- --------------------------------------------------------

--
-- Table structure for table `return_book`
--

CREATE TABLE `return_book` (
  `rollNo` varchar(30) NOT NULL,
  `returnCost` int(11) NOT NULL,
  `ISBN` int(13) NOT NULL,
  `created_at` datetime NOT NULL DEFAULT CURRENT_TIMESTAMP
) ENGINE=InnoDB DEFAULT CHARSET=latin1;

-- --------------------------------------------------------

--
-- Table structure for table `role`
--

CREATE TABLE `role` (
  `id` int(11) NOT NULL,
  `name` varchar(254) NOT NULL,
  `desc` text NOT NULL,
  `status` tinyint(1) NOT NULL DEFAULT '1'
) ENGINE=InnoDB DEFAULT CHARSET=utf8;

--
-- Dumping data for table `role`
--

INSERT INTO `role` (`id`, `name`, `desc`, `status`) VALUES
(1, 'super admin', ' somebody with access to the site network administration features and all other features.', 1),
(2, 'reviewer', 'somebody who can view the data of students like degree,pass and transcript certificate', 1),
(3, 'student', 'somebody who can view only his/her details', 1),
(4, 'Editer', 'Editing Information', 1),
(5, 'EmpManage', 'Can add and edit employee', 1),
(6, 'ManageStd', 'Can Edit and delete students etc', 1);

-- --------------------------------------------------------

--
-- Table structure for table `role_prev`
--

CREATE TABLE `role_prev` (
  `prevId` int(11) NOT NULL,
  `id` int(11) NOT NULL,
  `created_at` datetime NOT NULL DEFAULT CURRENT_TIMESTAMP,
  `sr` int(11) NOT NULL
) ENGINE=InnoDB DEFAULT CHARSET=latin1;

--
-- Dumping data for table `role_prev`
--

INSERT INTO `role_prev` (`prevId`, `id`, `created_at`, `sr`) VALUES
(1, 1, '2018-04-26 19:45:32', 1),
(2, 1, '2018-04-26 19:45:32', 2),
(3, 1, '2018-04-26 19:45:32', 3),
(4, 1, '2018-04-26 19:45:32', 4),
(5, 1, '2018-04-26 19:45:32', 5),
(6, 1, '2018-04-26 19:45:32', 6),
(7, 1, '2018-04-26 19:45:32', 7),
(8, 1, '2018-04-26 19:45:32', 8),
(9, 1, '2018-04-26 19:45:32', 9),
(10, 1, '2018-04-26 19:45:32', 10),
(13, 1, '2018-04-26 19:45:32', 13),
(1, 3, '2018-04-26 19:46:47', 16),
(1, 2, '2018-04-26 19:46:47', 17),
(2, 2, '2018-04-26 19:46:47', 18),
(3, 2, '2018-04-26 19:46:47', 19),
(4, 2, '2018-04-26 19:46:47', 20),
(5, 4, '2018-07-19 02:54:52', 21),
(6, 4, '2018-07-19 02:54:52', 22),
(11, 1, '2018-08-11 00:12:28', 50),
(12, 1, '2018-08-11 00:12:28', 51),
(8, 5, '2018-10-01 18:44:52', 60),
(9, 5, '2018-10-01 18:44:52', 61),
(13, 5, '2018-10-01 18:44:52', 62),
(2, 6, '2018-10-01 18:56:15', 63),
(4, 6, '2018-10-01 18:56:15', 64),
(5, 6, '2018-10-01 18:56:15', 65),
(7, 6, '2018-10-01 18:56:15', 66),
(11, 6, '2018-10-01 18:56:15', 67);

-- --------------------------------------------------------

--
-- Table structure for table `staff`
--

CREATE TABLE `staff` (
  `id` varchar(11) NOT NULL,
  `name` varchar(50) NOT NULL,
  `surname` varchar(50) NOT NULL,
  `fatherName` varchar(100) NOT NULL,
  `dob` date NOT NULL,
  `cnic` varchar(13) NOT NULL,
  `addr` text NOT NULL,
  `email` varchar(254) NOT NULL,
  `mbNo` varchar(12) NOT NULL,
  `pic` varchar(1000) NOT NULL,
  `designation` varchar(50) NOT NULL,
  `qualification` text NOT NULL,
  `publications` text,
  `expertise` text,
  `interest` text,
  `pecRegNo` varchar(100) NOT NULL DEFAULT '0',
  `isLowerStaff` tinyint(1) NOT NULL COMMENT '1 for yes\n0 for no',
  `deptId` int(11) NOT NULL,
  `status` tinyint(1) NOT NULL COMMENT '1 for active\n0 for on study leave',
  `created_at` datetime NOT NULL DEFAULT CURRENT_TIMESTAMP,
  `gender` char(1) NOT NULL COMMENT 'f for female and m for male'
) ENGINE=InnoDB DEFAULT CHARSET=latin1;

--
-- Dumping data for table `staff`
--

INSERT INTO `staff` (`id`, `name`, `surname`, `fatherName`, `dob`, `cnic`, `addr`, `email`, `mbNo`, `pic`, `designation`, `qualification`, `publications`, `expertise`, `interest`, `pecRegNo`, `isLowerStaff`, `deptId`, `status`, `created_at`, `gender`) VALUES
('1015', 'Sami Asghar', 'Arain', 'Muhammad Asghar', '2001-01-23', '4140342501703', 'Kunri Pak', 'samiasghar12@gmail.com', '03122735142', '0plZM7n6V7SfAV1ypecYs0utNhZWZKkmyeFKgDID.jpeg', 'Teacher', 'B.E in software engineering', 'none', 'Web development ', 'Movies', 'sw/1290', 0, 1, 1, '2018-06-03 18:46:10', 'm'),
('1234', 'Bushra', 'Qureshi', 'Pir Abdul Aziz', '1997-08-20', '4130691273736', 'house #14 muslim society qasimabad hyderabad', 'qureshi.bushra@yahoo.com', '03359200889', 'gP0bkMIRYZotQxPeGQVeSq2cKy3r2I398MO26Ocs.jpeg', 'vice chancellor', 'B.E, M.E, Ph.D', '2000', 'Web Technologies', 'reading, movies, travelling', 'Software/1520', 0, 1, 1, '2018-04-24 22:54:58', 'f'),
('4040', 'Hina Hussain', 'Arain', 'Ghulam Hussain', '1996-05-07', '4130691272726', 'house #111 latifabad', 'imroozkhan07@gmail.com', '03036365445', 'sjZ7rz1soe0ItbkFYJVXHsx8m4ZEPr9bend4nwmb.jpeg', 'HOD', 'B.E, M.E, Ph.D', '1000', 'Php, JAVA,Android', 'reading, sleeping', 'Software/1540', 0, 1, 1, '2018-04-26 01:39:08', 'f'),
('4077', 'Abdul Bashir', 'Pathan', 'Muhammad Rashid', '2001-01-23', '4140342501703', 'Hyderabad', 'abdul@gmail.com', '03122735142', 'yg133cTCa4cqtMaPxlFoC9RSfXUQNeW2cAyHzTGs.jpeg', 'Teacher', 'B.E in software engineering', 'none', 'Web development ,java,android', 'Movies', 'sw/1212', 0, 1, 1, '2018-06-03 18:46:10', 'm'),
('sw101', 'Muhammad Adyan', 'Arain', 'Muhammad Irfan', '2001-01-23', '4140342501703', 'Karachi', 'adyan@gmail.com', '03122735142', 's7L7ZJFF93NrCeqmpvBo5X1NsbzVAJ0blgf90OfA.jpeg', 'Teacher', 'B.E in software engineering', 'none', 'Web development ', 'Movies', 'sw/1291', 0, 1, 1, '2018-06-03 18:46:10', 'm');

-- --------------------------------------------------------

--
-- Table structure for table `stdedustatus`
--

CREATE TABLE `stdedustatus` (
  `srno` int(11) NOT NULL,
  `rollNo` varchar(30) NOT NULL,
  `sems` int(11) NOT NULL,
  `semsStatus` tinyint(1) NOT NULL COMMENT '1 means passed 0 means fail',
  `created_at` datetime NOT NULL DEFAULT CURRENT_TIMESTAMP
) ENGINE=InnoDB DEFAULT CHARSET=latin1;

--
-- Dumping data for table `stdedustatus`
--

INSERT INTO `stdedustatus` (`srno`, `rollNo`, `sems`, `semsStatus`, `created_at`) VALUES
(1, '15sw20', 1, 1, '2018-05-07 12:21:37'),
(2, '15sw20', 2, 1, '2018-05-07 12:21:37'),
(3, '15sw20', 3, 1, '2018-05-07 12:21:37'),
(4, '15sw20', 4, 1, '2018-05-07 12:21:37'),
(5, '15sw20', 5, 1, '2018-05-07 12:21:37'),
(6, '15sw20', 6, 1, '2018-05-07 12:21:37'),
(7, '15sw20', 7, 1, '2018-05-07 12:21:37'),
(8, '15sw20', 8, 1, '2018-05-07 12:21:37'),
(9, '15sw40', 1, 1, '2018-05-07 12:23:31'),
(10, '15sw40', 2, 1, '2018-05-07 12:23:31'),
(11, '15sw40', 3, 1, '2018-05-07 12:23:31'),
(12, '15sw40', 4, 1, '2018-05-07 12:23:31'),
(13, '15sw40', 5, 1, '2018-05-07 12:23:31'),
(14, '15sw40', 6, 1, '2018-05-07 12:23:31'),
(15, '15sw40', 7, 1, '2018-05-07 12:23:31'),
(16, '15sw40', 8, 1, '2018-05-07 12:23:31'),
(17, '15sw02', 1, 1, '2018-05-07 12:47:27'),
(18, '15sw02', 2, 1, '2018-05-07 12:47:27'),
(19, '15sw02', 3, 1, '2018-05-07 12:47:27'),
(20, '15sw02', 4, 1, '2018-05-07 12:47:27'),
(21, '15sw02', 5, 1, '2018-05-07 12:47:27'),
(22, '15sw02', 6, 1, '2018-05-07 12:47:27'),
(23, '15sw02', 7, 1, '2018-05-07 12:47:27'),
(24, '16sw78', 1, 1, '2018-06-06 18:43:22'),
(25, '16sw78', 2, 1, '2018-06-06 18:43:22'),
(26, '16sw78', 3, 1, '2018-06-06 18:43:22'),
(27, '16sw78', 4, 1, '2018-06-06 18:43:22'),
(28, '16sw78', 5, 1, '2018-06-06 18:43:22'),
(29, '16sw78', 6, 1, '2018-06-06 18:43:22'),
(30, '16sw78', 7, 1, '2018-06-06 18:43:22'),
(31, '16sw78', 8, 1, '2018-06-06 18:43:22'),
(32, '15sw02', 8, 1, '2018-07-02 02:43:14'),
(33, '15sw16', 1, 1, '2018-08-06 08:41:08'),
(34, '15sw16', 2, 1, '2018-08-06 08:41:08'),
(35, '15sw16', 3, 1, '2018-08-06 08:41:08'),
(36, '15sw16', 4, 1, '2018-08-06 08:41:08'),
(37, '15sw16', 5, 1, '2018-08-06 08:41:08'),
(38, '15sw16', 6, 1, '2018-08-06 08:41:08'),
(39, '15sw16', 7, 1, '2018-08-06 08:41:08'),
(40, '15sw16', 8, 1, '2018-08-06 08:41:08'),
(41, '15sw152', 1, 1, '2018-08-06 08:48:04'),
(42, '15sw152', 2, 1, '2018-08-06 08:48:04'),
(43, '15sw152', 3, 1, '2018-08-06 08:48:04'),
(44, '15sw152', 4, 1, '2018-08-06 08:48:04'),
(45, '15sw152', 5, 1, '2018-08-06 08:48:04'),
(46, '15sw152', 6, 1, '2018-08-06 08:48:04'),
(47, '15sw152', 7, 1, '2018-08-06 08:48:04'),
(48, '15sw152', 8, 1, '2018-08-06 08:48:04'),
(49, '15sw22', 1, 1, '2018-08-06 08:53:10'),
(50, '15sw22', 2, 1, '2018-08-06 08:53:10'),
(51, '15sw22', 3, 1, '2018-08-06 08:53:10'),
(52, '15sw22', 4, 1, '2018-08-06 08:53:10'),
(53, '15sw22', 5, 1, '2018-08-06 08:53:10'),
(54, '15sw22', 6, 1, '2018-08-06 08:53:10'),
(55, '15sw22', 7, 1, '2018-08-06 08:53:10'),
(56, '15sw22', 8, 1, '2018-08-06 08:53:10'),
(57, '15sw27', 1, 1, '2018-08-07 01:09:07'),
(58, '15sw27', 2, 1, '2018-08-07 01:09:07'),
(59, '15sw27', 3, 1, '2018-08-07 01:09:07'),
(60, '15sw27', 4, 1, '2018-08-07 01:09:07'),
(61, '15sw27', 5, 1, '2018-08-07 01:09:07'),
(62, '15sw27', 6, 1, '2018-08-07 01:09:07'),
(63, '15sw27', 7, 1, '2018-08-07 01:09:07'),
(64, '15sw27', 8, 1, '2018-08-07 01:09:07'),
(65, '15sw58', 1, 1, '2018-08-07 01:12:38'),
(66, '15sw58', 2, 1, '2018-08-07 01:12:38'),
(67, '15sw58', 3, 1, '2018-08-07 01:12:38'),
(68, '15sw58', 4, 1, '2018-08-07 01:12:38'),
(69, '15sw58', 5, 1, '2018-08-07 01:12:38'),
(70, '15sw58', 6, 1, '2018-08-07 01:12:38'),
(71, '15sw58', 7, 1, '2018-08-07 01:12:38'),
(72, '15sw58', 8, 1, '2018-08-07 01:12:38'),
(73, '15sw110', 1, 1, '2018-08-07 01:21:27'),
(74, '15sw110', 2, 1, '2018-08-07 01:21:27'),
(75, '15sw110', 3, 1, '2018-08-07 01:21:27'),
(76, '15sw110', 4, 1, '2018-08-07 01:21:27'),
(77, '15sw110', 5, 1, '2018-08-07 01:21:27'),
(78, '15sw110', 6, 1, '2018-08-07 01:21:27'),
(79, '15sw110', 7, 1, '2018-08-07 01:21:27'),
(80, '15sw110', 8, 1, '2018-08-07 01:21:27'),
(81, '15sw18', 1, 1, '2018-05-07 12:21:37'),
(82, '15sw18', 2, 1, '2018-05-07 12:21:37'),
(83, '15sw18', 3, 1, '2018-05-07 12:21:37'),
(84, '15sw18', 4, 1, '2018-05-07 12:21:37'),
(85, '15sw18', 5, 1, '2018-05-07 12:21:37'),
(86, '15sw18', 6, 1, '2018-05-07 12:21:37'),
(87, '15sw18', 7, 1, '2018-05-07 12:21:37'),
(88, '15sw18', 8, 1, '2018-05-07 12:21:37'),
(89, '15sw46', 1, 1, '2018-08-06 08:41:08'),
(90, '15sw46', 2, 1, '2018-08-06 08:41:08'),
(91, '15sw46', 3, 1, '2018-08-06 08:41:08'),
(92, '15sw46', 4, 1, '2018-08-06 08:41:08'),
(93, '15sw46', 5, 1, '2018-08-06 08:41:08'),
(94, '15sw46', 6, 1, '2018-08-06 08:41:08'),
(95, '15sw46', 7, 1, '2018-08-06 08:41:08'),
(96, '15sw46', 8, 1, '2018-08-06 08:41:08');

-- --------------------------------------------------------

--
-- Table structure for table `stdexaminfo`
--

CREATE TABLE `stdexaminfo` (
  `rollNo` varchar(30) NOT NULL,
  `courseId` varchar(30) NOT NULL,
  `markObtInTh` int(5) NOT NULL COMMENT '-1 means this courseCode has no theory',
  `markObtInPr` int(5) NOT NULL DEFAULT '-1' COMMENT '-1 means this courseCode has no practical',
  `created_at` datetime NOT NULL DEFAULT CURRENT_TIMESTAMP,
  `isPass` tinyint(1) NOT NULL COMMENT '0 means both fail 1 means both pass 2 means theory pass practical fail 3 means practical pass and theory fail',
  `srno` int(11) NOT NULL
) ENGINE=InnoDB DEFAULT CHARSET=latin1;

--
-- Dumping data for table `stdexaminfo`
--

INSERT INTO `stdexaminfo` (`rollNo`, `courseId`, `markObtInTh`, `markObtInPr`, `created_at`, `isPass`, `srno`) VALUES
('15sw40', 'sw01', 90, -1, '2018-05-01 16:46:54', 1, 1),
('15sw40', 'sw02', 86, 40, '2018-05-01 18:59:09', 1, 2),
('15sw40', 'sw03', 80, 45, '2018-05-01 18:59:09', 1, 3),
('15sw40', 'sw04', 83, -1, '2018-05-01 18:59:09', 1, 4),
('15sw40', 'sw05', 92, 43, '2018-05-01 18:59:09', 1, 5),
('15sw40', 'sw06', 90, 41, '2018-05-01 18:59:09', 1, 6),
('15sw40', 'sw07', 99, 43, '2018-05-01 19:09:06', 1, 7),
('15sw40', 'sw08', 99, -1, '2018-05-01 19:09:06', 1, 8),
('15sw40', 'sw09', 43, -1, '2018-05-01 19:09:06', 1, 9),
('15sw40', 'sw10', 42, -1, '2018-05-01 19:09:06', 1, 10),
('15sw40', 'sw11', 42, -1, '2018-05-01 19:09:45', 1, 11),
('15sw40', 'sw12', 46, -1, '2018-05-01 19:13:07', 1, 12),
('15sw40', 'sw13', 94, 40, '2018-05-01 19:13:07', 1, 13),
('15sw40', 'sw14', 87, -1, '2018-05-01 19:13:07', 1, 14),
('15sw40', 'sw15', 86, -1, '2018-05-01 19:13:07', 1, 15),
('15sw40', 'sw16', 98, -1, '2018-05-01 19:13:07', 1, 16),
('15sw40', 'sw17', 84, 44, '2018-05-01 19:39:47', 1, 17),
('15sw40', 'sw18', 86, 45, '2018-05-01 19:39:47', 1, 18),
('15sw40', 'sw19', 86, -1, '2018-05-01 19:39:47', 1, 19),
('15sw40', 'sw20', 95, 48, '2018-05-01 19:39:47', 1, 20),
('15sw40', 'sw21', 91, -1, '2018-05-01 19:39:47', 1, 21),
('15sw40', 'sw22', 87, -1, '2018-05-01 19:44:20', 1, 22),
('15sw40', 'sw23', 96, 46, '2018-05-01 19:44:20', 1, 23),
('15sw40', 'sw24', 80, -1, '2018-05-01 19:44:20', 1, 24),
('15sw40', 'sw25', 94, -1, '2018-05-01 19:44:20', 1, 25),
('15sw40', 'sw26', 89, 49, '2018-05-01 19:44:20', 1, 26),
('15sw40', 'sw27', 99, 43, '2018-05-01 19:48:12', 1, 27),
('15sw40', 'sw28', 92, 40, '2018-05-01 19:48:12', 1, 28),
('15sw40', 'sw29', 95, -1, '2018-05-01 19:48:12', 1, 29),
('15sw40', 'sw30', 88, 42, '2018-05-01 19:48:12', 1, 30),
('15sw40', 'sw31', 45, -1, '2018-05-01 19:48:12', 1, 31),
('15sw40', 'sw32', 88, 35, '2018-05-01 19:53:28', 1, 32),
('15sw40', 'sw33', 90, 42, '2018-05-01 19:53:28', 1, 33),
('15sw40', 'sw34', 85, 45, '2018-05-01 19:53:28', 1, 34),
('15sw40', 'sw35', 85, 45, '2018-05-01 19:53:28', 1, 35),
('15sw40', 'sw37', 85, 45, '2018-05-01 19:53:28', 1, 36),
('15sw40', 'sw38', 84, 45, '2018-05-01 19:53:28', 1, 37),
('15sw40', 'sw39', 83, 40, '2018-05-01 19:53:28', 1, 38),
('15sw40', 'sw40', -1, 190, '2018-05-01 19:53:28', 1, 39),
('16sw78', 'sw01', 87, -1, '2018-06-06 17:45:27', 1, 40),
('16sw78', 'sw02', 84, 43, '2018-06-06 17:45:27', 1, 41),
('16sw78', 'sw03', 86, 47, '2018-06-06 17:45:27', 1, 42),
('16sw78', 'sw04', 88, -1, '2018-06-06 17:45:27', 1, 43),
('16sw78', 'sw05', 88, 46, '2018-06-06 17:45:27', 1, 44),
('16sw78', 'sw06', 93, 44, '2018-06-06 17:45:27', 1, 45),
('16sw78', 'sw07', 90, 41, '2018-06-06 17:45:27', 1, 46),
('16sw78', 'sw08', 92, -1, '2018-06-06 17:45:27', 1, 47),
('16sw78', 'sw09', 44, -1, '2018-06-06 17:45:27', 1, 48),
('16sw78', 'sw10', 45, -1, '2018-06-06 17:45:27', 1, 49),
('16sw78', 'sw11', 43, -1, '2018-06-06 17:45:27', 1, 50),
('16sw78', 'sw12', 48, -1, '2018-06-06 17:45:27', 1, 51),
('16sw78', 'sw13', 86, 42, '2018-06-06 17:45:27', 1, 52),
('16sw78', 'sw14', 88, -1, '2018-06-06 17:45:27', 1, 53),
('16sw78', 'sw15', 91, -1, '2018-06-06 17:45:27', 1, 54),
('16sw78', 'sw16', 88, -1, '2018-06-06 17:45:27', 1, 55),
('16sw78', 'sw17', 92, 42, '2018-06-06 17:45:27', 1, 56),
('16sw78', 'sw18', 91, 40, '2018-06-06 17:45:27', 1, 57),
('16sw78', 'sw19', 89, -1, '2018-06-06 17:45:27', 1, 58),
('16sw78', 'sw20', 86, 44, '2018-06-06 17:45:27', 1, 59),
('16sw78', 'sw21', 93, -1, '2018-06-06 18:40:39', 1, 60),
('16sw78', 'sw22', 90, -1, '2018-06-06 18:40:39', 1, 61),
('16sw78', 'sw23', 91, 46, '2018-06-06 18:40:39', 1, 62),
('16sw78', 'sw24', 89, 46, '2018-06-06 18:40:39', 1, 63),
('16sw78', 'sw25', 92, -1, '2018-06-06 18:40:39', 1, 64),
('16sw78', 'sw26', 90, 44, '2018-06-06 18:40:39', 1, 65),
('16sw78', 'sw27', 90, 47, '2018-06-06 18:40:39', 1, 66),
('16sw78', 'sw28', 87, 44, '2018-06-06 18:40:39', 1, 67),
('16sw78', 'sw29', 89, -1, '2018-06-06 18:40:39', 1, 68),
('16sw78', 'sw30', 84, 48, '2018-06-06 18:40:39', 1, 69),
('16sw78', 'sw31', 48, -1, '2018-06-06 18:40:39', 1, 70),
('16sw78', 'sw32', 87, 40, '2018-06-06 18:40:39', 1, 71),
('16sw78', 'sw33', 86, 40, '2018-06-06 18:40:39', 1, 72),
('16sw78', 'sw34', 95, 44, '2018-06-06 18:40:39', 1, 73),
('16sw78', 'sw35', 91, 45, '2018-06-06 18:40:39', 1, 74),
('16sw78', 'sw37', 91, 43, '2018-06-06 18:40:39', 1, 75),
('16sw78', 'sw38', 76, 48, '2018-06-06 18:40:39', 1, 76),
('16sw78', 'sw39', 98, 44, '2018-06-06 18:40:39', 1, 77),
('16sw78', 'sw40', -1, 181, '2018-06-06 18:40:39', 1, 78),
('15sw20', 'sw01', 91, -1, '2018-07-15 15:08:16', 1, 79),
('15sw20', 'sw02', 88, 46, '2018-07-15 15:08:16', 1, 80),
('15sw20', 'sw03', 95, 45, '2018-07-15 15:24:48', 1, 81),
('15sw20', 'sw04', 87, -1, '2018-07-15 15:24:48', 1, 82),
('15sw20', 'sw05', 86, 47, '2018-07-15 15:24:48', 1, 83),
('15sw20', 'sw06', 91, 47, '2018-07-15 15:24:48', 1, 84),
('15sw20', 'sw07', 86, 45, '2018-07-15 15:24:48', 1, 85),
('15sw20', 'sw08', 99, -1, '2018-07-15 15:24:48', 1, 86),
('15sw20', 'sw09', 48, -1, '2018-07-15 15:24:48', 1, 87),
('15sw20', 'sw10', 44, -1, '2018-07-15 15:24:48', 1, 88),
('15sw20', 'sw11', 45, -1, '2018-07-15 15:24:48', 1, 89),
('15sw20', 'sw12', 43, -1, '2018-07-15 15:24:48', 1, 90),
('15sw20', 'sw13', 96, 47, '2018-07-15 15:24:48', 1, 91),
('15sw20', 'sw14', 88, -1, '2018-07-15 15:24:48', 1, 92),
('15sw20', 'sw15', 92, -1, '2018-07-15 15:24:48', 1, 93),
('15sw20', 'sw16', 92, -1, '2018-07-15 15:24:48', 1, 94),
('15sw20', 'sw17', 92, 46, '2018-07-15 15:24:48', 1, 95),
('15sw20', 'sw18', 95, 48, '2018-07-15 15:24:48', 1, 96),
('15sw20', 'sw19', 87, -1, '2018-07-15 15:24:48', 1, 97),
('15sw20', 'sw20', 95, 47, '2018-07-15 15:24:48', 1, 98),
('15sw20', 'sw21', 80, -1, '2018-07-15 15:24:48', 1, 99),
('15sw20', 'sw22', 88, -1, '2018-07-15 15:24:48', 1, 100),
('15sw20', 'sw23', 87, 45, '2018-07-15 17:48:39', 1, 101),
('15sw20', 'sw24', 86, -1, '2018-07-15 17:48:39', 1, 102),
('15sw20', 'sw25', 89, -1, '2018-07-15 17:48:39', 1, 103),
('15sw20', 'sw26', 92, 45, '2018-07-15 17:48:39', 1, 104),
('15sw20', 'sw27', 87, 45, '2018-07-15 17:48:39', 1, 105),
('15sw20', 'sw28', 96, 44, '2018-07-15 17:48:39', 1, 106),
('15sw20', 'sw29', 98, -1, '2018-07-15 17:48:39', 1, 107),
('15sw20', 'sw30', 87, 42, '2018-07-15 17:48:39', 1, 108),
('15sw20', 'sw31', 44, -1, '2018-07-15 17:48:39', 1, 109),
('15sw20', 'sw32', 89, 44, '2018-07-15 17:48:39', 1, 110),
('15sw20', 'sw33', 91, 46, '2018-07-15 17:48:39', 1, 111),
('15sw20', 'sw34', 89, 42, '2018-07-15 17:48:39', 1, 112),
('15sw20', 'sw35', 80, 44, '2018-07-15 17:48:39', 1, 113),
('15sw20', 'sw37', 82, 45, '2018-07-15 17:48:39', 1, 114),
('15sw20', 'sw38', 89, 45, '2018-07-15 17:48:39', 1, 115),
('15sw20', 'sw39', 90, 42, '2018-07-15 17:48:39', 1, 116),
('15sw20', 'sw40', -1, 193, '2018-07-15 17:48:39', 1, 117),
('15sw02', 'sw01', 90, -1, '2018-07-15 22:06:02', 1, 118),
('15sw02', 'sw02', 86, 45, '2018-07-15 22:06:02', 1, 119),
('15sw02', 'sw03', 85, 40, '2018-07-15 22:06:02', 1, 120),
('15sw02', 'sw04', 83, -1, '2018-07-15 22:06:02', 1, 121),
('15sw02', 'sw05', 87, 47, '2018-07-15 22:06:02', 1, 122),
('15sw02', 'sw06', 89, 40, '2018-07-15 22:06:02', 1, 123),
('15sw02', 'sw07', 80, 45, '2018-07-15 22:06:02', 1, 124),
('15sw02', 'sw08', 90, -1, '2018-07-15 22:06:02', 1, 125),
('15sw02', 'sw09', 42, -1, '2018-07-15 22:06:02', 1, 126),
('15sw02', 'sw10', 39, -1, '2018-07-15 22:06:02', 1, 127),
('15sw02', 'sw11', 45, -1, '2018-07-15 22:06:02', 1, 128),
('15sw02', 'sw12', 40, -1, '2018-07-15 22:06:02', 1, 129),
('15sw02', 'sw13', 90, 42, '2018-07-15 22:06:02', 1, 130),
('15sw02', 'sw14', 72, -1, '2018-07-15 22:06:02', 1, 131),
('15sw02', 'sw15', 75, -1, '2018-07-15 22:06:02', 1, 132),
('15sw02', 'sw16', 89, -1, '2018-07-15 22:06:02', 1, 133),
('15sw02', 'sw17', 80, 40, '2018-07-15 22:06:02', 1, 134),
('15sw02', 'sw18', 79, 39, '2018-07-15 22:06:02', 1, 135),
('15sw02', 'sw19', 89, -1, '2018-07-15 22:06:02', 1, 136),
('15sw02', 'sw20', 84, 48, '2018-07-15 22:06:02', 1, 137),
('15sw02', 'sw21', 81, -1, '2018-07-15 22:06:02', 1, 138),
('15sw02', 'sw22', 70, -1, '2018-07-15 22:06:02', 1, 139),
('15sw02', 'sw23', 91, 44, '2018-07-15 22:06:02', 1, 140),
('15sw02', 'sw24', 81, -1, '2018-07-15 22:06:02', 1, 141),
('15sw02', 'sw25', 91, -1, '2018-07-15 22:06:02', 1, 142),
('15sw02', 'sw26', 85, 45, '2018-07-15 22:06:02', 1, 143),
('15sw02', 'sw27', 78, 40, '2018-07-15 22:06:02', 1, 144),
('15sw02', 'sw28', 72, 38, '2018-07-15 22:06:02', 1, 145),
('15sw02', 'sw29', 85, -1, '2018-07-15 22:06:02', 1, 146),
('15sw02', 'sw30', 83, 43, '2018-07-15 22:06:02', 1, 147),
('15sw02', 'sw31', 40, -1, '2018-07-15 22:06:02', 1, 148),
('15sw02', 'sw32', 84, 45, '2018-07-15 22:06:02', 1, 149),
('15sw02', 'sw33', 90, 43, '2018-07-15 22:06:02', 1, 150),
('15sw02', 'sw34', 82, 40, '2018-07-15 22:06:02', 1, 151),
('15sw02', 'sw35', 78, 45, '2018-07-15 22:06:02', 1, 152),
('15sw02', 'sw37', 78, 47, '2018-07-15 22:06:02', 1, 153),
('15sw02', 'sw38', 89, 42, '2018-07-15 22:06:02', 1, 154),
('15sw02', 'sw39', 80, 40, '2018-07-15 22:06:02', 1, 155),
('15sw02', 'sw40', -1, 180, '2018-07-15 22:06:02', 1, 156),
('15sw16', 'sw01', 90, -1, '2018-08-05 19:19:43', 1, 157),
('15sw16', 'sw02', 81, 41, '2018-08-05 19:19:43', 1, 158),
('15sw16', 'sw03', 75, 43, '2018-08-05 19:19:43', 1, 159),
('15sw16', 'sw04', 82, -1, '2018-08-05 19:19:43', 1, 160),
('15sw16', 'sw05', 76, 40, '2018-08-05 19:19:43', 1, 161),
('15sw16', 'sw06', 85, 40, '2018-08-05 19:19:43', 1, 162),
('15sw16', 'sw07', 76, 40, '2018-08-05 19:19:43', 1, 163),
('15sw16', 'sw08', 89, -1, '2018-08-05 19:19:43', 1, 164),
('15sw16', 'sw09', 43, -1, '2018-08-05 19:19:43', 1, 165),
('15sw16', 'sw10', 39, -1, '2018-08-05 19:19:43', 1, 166),
('15sw16', 'sw11', 39, -1, '2018-08-05 19:19:43', 1, 167),
('15sw16', 'sw12', 44, -1, '2018-08-05 19:19:43', 1, 168),
('15sw16', 'sw13', 86, 47, '2018-08-05 19:19:43', 1, 169),
('15sw16', 'sw14', 83, -1, '2018-08-05 19:19:43', 1, 170),
('15sw16', 'sw15', 72, -1, '2018-08-05 19:19:43', 1, 171),
('15sw16', 'sw16', 92, -1, '2018-08-05 19:19:43', 1, 172),
('15sw16', 'sw17', 90, 40, '2018-08-05 19:19:43', 1, 173),
('15sw16', 'sw18', 90, 48, '2018-08-05 19:19:43', 1, 174),
('15sw16', 'sw19', 87, -1, '2018-08-05 19:19:43', 1, 175),
('15sw16', 'sw20', 85, 42, '2018-08-05 19:19:43', 1, 176),
('15sw16', 'sw21', 74, -1, '2018-08-05 19:19:43', 1, 177),
('15sw16', 'sw22', 83, -1, '2018-08-05 19:19:43', 1, 178),
('15sw16', 'sw23', 87, 45, '2018-08-05 19:19:43', 1, 179),
('15sw16', 'sw24', 86, -1, '2018-08-05 19:19:43', 1, 180),
('15sw16', 'sw25', 69, -1, '2018-08-05 19:19:43', 1, 181),
('15sw16', 'sw26', 82, 40, '2018-08-05 19:19:43', 1, 182),
('15sw16', 'sw27', 80, 32, '2018-08-05 19:19:43', 1, 183),
('15sw16', 'sw28', 86, 39, '2018-08-05 19:19:43', 1, 184),
('15sw16', 'sw29', 88, -1, '2018-08-05 19:19:43', 1, 185),
('15sw16', 'sw30', 87, 42, '2018-08-05 19:19:43', 1, 186),
('15sw16', 'sw31', 41, -1, '2018-08-05 19:19:43', 1, 187),
('15sw16', 'sw32', 84, 41, '2018-08-05 19:19:43', 1, 188),
('15sw16', 'sw33', 72, 46, '2018-08-05 19:19:43', 1, 189),
('15sw16', 'sw34', 79, 42, '2018-08-05 19:19:43', 1, 190),
('15sw16', 'sw35', 80, 40, '2018-08-05 19:19:43', 1, 191),
('15sw16', 'sw37', 80, 40, '2018-08-05 19:19:43', 1, 192),
('15sw16', 'sw38', 89, 41, '2018-08-05 19:19:43', 1, 193),
('15sw16', 'sw39', 83, 41, '2018-08-05 19:19:43', 1, 194),
('15sw16', 'sw40', -1, 170, '2018-08-05 19:19:43', 1, 195),
('15sw152', 'sw01', 90, -1, '2018-08-06 08:45:10', 1, 196),
('15sw152', 'sw02', 86, 45, '2018-08-06 08:45:10', 1, 197),
('15sw152', 'sw03', 85, 40, '2018-08-06 08:45:10', 1, 198),
('15sw152', 'sw04', 83, -1, '2018-08-06 08:45:10', 1, 199),
('15sw152', 'sw05', 85, 47, '2018-08-06 08:45:10', 1, 200),
('15sw152', 'sw06', 89, 40, '2018-08-06 08:45:10', 1, 201),
('15sw152', 'sw07', 80, 45, '2018-08-06 08:45:10', 1, 202),
('15sw152', 'sw08', 90, -1, '2018-08-06 08:45:10', 1, 203),
('15sw152', 'sw09', 40, -1, '2018-08-06 08:45:10', 1, 204),
('15sw152', 'sw10', 39, -1, '2018-08-06 08:45:10', 1, 205),
('15sw152', 'sw11', 45, -1, '2018-08-06 08:45:10', 1, 206),
('15sw152', 'sw12', 40, -1, '2018-08-06 08:45:10', 1, 207),
('15sw152', 'sw13', 90, 42, '2018-08-06 08:45:10', 1, 208),
('15sw152', 'sw14', 72, -1, '2018-08-06 08:45:10', 1, 209),
('15sw152', 'sw15', 75, -1, '2018-08-06 08:45:10', 1, 210),
('15sw152', 'sw16', 89, -1, '2018-08-06 08:45:10', 1, 211),
('15sw152', 'sw17', 80, 40, '2018-08-06 08:45:10', 1, 212),
('15sw152', 'sw18', 79, 39, '2018-08-06 08:45:10', 1, 213),
('15sw152', 'sw19', 89, -1, '2018-08-06 08:45:10', 1, 214),
('15sw152', 'sw20', 84, 48, '2018-08-06 08:45:10', 1, 215),
('15sw152', 'sw21', 81, -1, '2018-08-06 08:45:10', 1, 216),
('15sw152', 'sw22', 70, -1, '2018-08-06 08:45:10', 1, 217),
('15sw152', 'sw23', 91, 44, '2018-08-06 08:45:10', 1, 218),
('15sw152', 'sw24', 81, -1, '2018-08-06 08:45:10', 1, 219),
('15sw152', 'sw25', 91, -1, '2018-08-06 08:45:10', 1, 220),
('15sw152', 'sw26', 85, 45, '2018-08-06 08:45:10', 1, 221),
('15sw152', 'sw27', 78, 40, '2018-08-06 08:45:10', 1, 222),
('15sw152', 'sw28', 72, 38, '2018-08-06 08:45:10', 1, 223),
('15sw152', 'sw29', 85, -1, '2018-08-06 08:45:10', 1, 224),
('15sw152', 'sw30', 83, 43, '2018-08-06 08:45:10', 1, 225),
('15sw152', 'sw31', 40, -1, '2018-08-06 08:45:10', 1, 226),
('15sw152', 'sw32', 84, 45, '2018-08-06 08:45:10', 1, 227),
('15sw152', 'sw33', 90, 43, '2018-08-06 08:45:10', 1, 228),
('15sw152', 'sw34', 82, 40, '2018-08-06 08:45:10', 1, 229),
('15sw152', 'sw35', 78, 45, '2018-08-06 08:45:10', 1, 230),
('15sw152', 'sw37', 78, 47, '2018-08-06 08:45:10', 1, 231),
('15sw152', 'sw38', 89, 42, '2018-08-06 08:45:10', 1, 232),
('15sw152', 'sw39', 80, 40, '2018-08-06 08:45:10', 1, 233),
('15sw152', 'sw40', -1, 180, '2018-08-06 08:45:10', 1, 234),
('15sw22', 'sw01', 90, -1, '2018-08-06 08:50:00', 1, 235),
('15sw22', 'sw02', 86, 45, '2018-08-06 08:50:00', 1, 236),
('15sw22', 'sw03', 85, 40, '2018-08-06 08:50:00', 1, 237),
('15sw22', 'sw04', 83, -1, '2018-08-06 08:50:00', 1, 238),
('15sw22', 'sw05', 85, 47, '2018-08-06 08:50:00', 1, 239),
('15sw22', 'sw06', 89, 40, '2018-08-06 08:50:00', 1, 240),
('15sw22', 'sw07', 80, 45, '2018-08-06 08:50:00', 1, 241),
('15sw22', 'sw08', 90, -1, '2018-08-06 08:50:00', 1, 242),
('15sw22', 'sw09', 40, -1, '2018-08-06 08:50:00', 1, 243),
('15sw22', 'sw10', 39, -1, '2018-08-06 08:50:00', 1, 244),
('15sw22', 'sw11', 45, -1, '2018-08-06 08:50:00', 1, 245),
('15sw22', 'sw12', 40, -1, '2018-08-06 08:50:00', 1, 246),
('15sw22', 'sw13', 90, 42, '2018-08-06 08:50:00', 1, 247),
('15sw22', 'sw14', 72, -1, '2018-08-06 08:50:00', 1, 248),
('15sw22', 'sw15', 75, -1, '2018-08-06 08:50:00', 1, 249),
('15sw22', 'sw16', 89, -1, '2018-08-06 08:50:00', 1, 250),
('15sw22', 'sw17', 80, 40, '2018-08-06 08:50:00', 1, 251),
('15sw22', 'sw18', 79, 39, '2018-08-06 08:50:00', 1, 252),
('15sw22', 'sw19', 89, -1, '2018-08-06 08:50:00', 1, 253),
('15sw22', 'sw20', 84, 48, '2018-08-06 08:50:00', 1, 254),
('15sw22', 'sw21', 81, -1, '2018-08-06 08:50:00', 1, 255),
('15sw22', 'sw22', 70, -1, '2018-08-06 08:50:00', 1, 256),
('15sw22', 'sw23', 91, 44, '2018-08-06 08:50:00', 1, 257),
('15sw22', 'sw24', 81, -1, '2018-08-06 08:50:00', 1, 258),
('15sw22', 'sw25', 91, -1, '2018-08-06 08:50:00', 1, 259),
('15sw22', 'sw26', 85, 45, '2018-08-06 08:50:00', 1, 260),
('15sw22', 'sw27', 78, 40, '2018-08-06 08:50:00', 1, 261),
('15sw22', 'sw28', 72, 38, '2018-08-06 08:50:00', 1, 262),
('15sw22', 'sw29', 85, -1, '2018-08-06 08:50:00', 1, 263),
('15sw22', 'sw30', 83, 43, '2018-08-06 08:50:00', 1, 264),
('15sw22', 'sw31', 40, -1, '2018-08-06 08:50:00', 1, 265),
('15sw22', 'sw32', 84, 45, '2018-08-06 08:50:00', 1, 266),
('15sw22', 'sw33', 90, 43, '2018-08-06 08:50:00', 1, 267),
('15sw22', 'sw34', 82, 40, '2018-08-06 08:50:00', 1, 268),
('15sw22', 'sw35', 78, 45, '2018-08-06 08:50:00', 1, 269),
('15sw22', 'sw37', 78, 47, '2018-08-06 08:50:00', 1, 270),
('15sw22', 'sw38', 89, 42, '2018-08-06 08:50:00', 1, 271),
('15sw22', 'sw39', 80, 40, '2018-08-06 08:50:00', 1, 272),
('15sw22', 'sw40', -1, 180, '2018-08-06 08:50:00', 1, 273),
('15sw27', 'sw01', 85, 40, '2018-08-07 01:05:17', 1, 274),
('15sw27', 'sw02', 83, 45, '2018-08-07 01:05:17', 1, 275),
('15sw27', 'sw03', 85, 47, '2018-08-07 01:05:17', 1, 276),
('15sw27', 'sw04', 90, -1, '2018-08-07 01:05:17', 1, 277),
('15sw27', 'sw05', 80, 47, '2018-08-07 01:05:17', 1, 278),
('15sw27', 'sw06', 89, 44, '2018-08-07 01:05:17', 1, 279),
('15sw27', 'sw07', 80, 45, '2018-08-07 01:05:17', 1, 280),
('15sw27', 'sw08', 90, -1, '2018-08-07 01:05:17', 1, 281),
('15sw27', 'sw09', 40, -1, '2018-08-07 01:05:17', 1, 282),
('15sw27', 'sw10', 39, -1, '2018-08-07 01:05:17', 1, 283),
('15sw27', 'sw11', 45, -1, '2018-08-07 01:05:17', 1, 284),
('15sw27', 'sw12', 40, -1, '2018-08-07 01:05:17', 1, 285),
('15sw27', 'sw13', 90, 42, '2018-08-07 01:05:17', 1, 286),
('15sw27', 'sw14', 72, -1, '2018-08-07 01:05:17', 1, 287),
('15sw27', 'sw15', 75, -1, '2018-08-07 01:05:17', 1, 288),
('15sw27', 'sw16', 89, -1, '2018-08-07 01:05:17', 1, 289),
('15sw27', 'sw17', 80, 40, '2018-08-07 01:05:17', 1, 290),
('15sw27', 'sw18', 79, 39, '2018-08-07 01:05:17', 1, 291),
('15sw27', 'sw19', 89, -1, '2018-08-07 01:05:17', 1, 292),
('15sw27', 'sw20', 84, 48, '2018-08-07 01:05:17', 1, 293),
('15sw27', 'sw21', 81, -1, '2018-08-07 01:05:17', 1, 294),
('15sw27', 'sw22', 70, -1, '2018-08-07 01:05:17', 1, 295),
('15sw27', 'sw23', 91, 44, '2018-08-07 01:05:17', 1, 296),
('15sw27', 'sw24', 81, -1, '2018-08-07 01:05:17', 1, 297),
('15sw27', 'sw25', 91, -1, '2018-08-07 01:05:17', 1, 298),
('15sw27', 'sw26', 85, 45, '2018-08-07 01:05:17', 1, 299),
('15sw27', 'sw27', 78, 40, '2018-08-07 01:05:17', 1, 300),
('15sw27', 'sw28', 72, 38, '2018-08-07 01:05:17', 1, 301),
('15sw27', 'sw29', 85, -1, '2018-08-07 01:05:17', 1, 302),
('15sw27', 'sw30', 83, 43, '2018-08-07 01:05:17', 1, 303),
('15sw27', 'sw31', 40, -1, '2018-08-07 01:05:17', 1, 304),
('15sw27', 'sw32', 84, 45, '2018-08-07 01:05:17', 1, 305),
('15sw27', 'sw33', 90, 43, '2018-08-07 01:05:17', 1, 306),
('15sw27', 'sw34', 82, 40, '2018-08-07 01:05:17', 1, 307),
('15sw27', 'sw35', 78, 45, '2018-08-07 01:05:17', 1, 308),
('15sw27', 'sw37', 78, 47, '2018-08-07 01:05:17', 1, 309),
('15sw27', 'sw38', 89, 42, '2018-08-07 01:05:17', 1, 310),
('15sw27', 'sw39', 80, 40, '2018-08-07 01:05:17', 1, 311),
('15sw27', 'sw40', -1, 180, '2018-08-07 01:05:17', 1, 312),
('15sw58', 'sw01', 90, -1, '2018-08-07 01:10:39', 1, 313),
('15sw58', 'sw02', 70, 45, '2018-08-07 01:10:39', 1, 314),
('15sw58', 'sw03', 85, 40, '2018-08-07 01:10:39', 1, 315),
('15sw58', 'sw04', 83, -1, '2018-08-07 01:10:39', 1, 316),
('15sw58', 'sw05', 85, 47, '2018-08-07 01:10:39', 1, 317),
('15sw58', 'sw06', 89, 40, '2018-08-07 01:10:39', 1, 318),
('15sw58', 'sw07', 80, 45, '2018-08-07 01:10:39', 1, 319),
('15sw58', 'sw08', 90, -1, '2018-08-07 01:10:39', 1, 320),
('15sw58', 'sw09', 40, -1, '2018-08-07 01:10:39', 1, 321),
('15sw58', 'sw10', 39, -1, '2018-08-07 01:10:39', 1, 322),
('15sw58', 'sw11', 45, -1, '2018-08-07 01:10:39', 1, 323),
('15sw58', 'sw12', 40, -1, '2018-08-07 01:10:39', 1, 324),
('15sw58', 'sw13', 90, 42, '2018-08-07 01:10:39', 1, 325),
('15sw58', 'sw14', 72, -1, '2018-08-07 01:10:39', 1, 326),
('15sw58', 'sw15', 75, -1, '2018-08-07 01:10:39', 1, 327),
('15sw58', 'sw16', 89, -1, '2018-08-07 01:10:39', 1, 328),
('15sw58', 'sw17', 80, 40, '2018-08-07 01:10:39', 1, 329),
('15sw58', 'sw18', 79, 39, '2018-08-07 01:10:39', 1, 330),
('15sw58', 'sw19', 89, -1, '2018-08-07 01:10:39', 1, 331),
('15sw58', 'sw20', 84, 48, '2018-08-07 01:10:39', 1, 332),
('15sw58', 'sw21', 81, -1, '2018-08-07 01:10:39', 1, 333),
('15sw58', 'sw22', 70, -1, '2018-08-07 01:10:39', 1, 334),
('15sw58', 'sw23', 91, 44, '2018-08-07 01:10:39', 1, 335),
('15sw58', 'sw24', 81, -1, '2018-08-07 01:10:39', 1, 336),
('15sw58', 'sw25', 91, -1, '2018-08-07 01:10:39', 1, 337),
('15sw58', 'sw26', 85, 45, '2018-08-07 01:10:39', 1, 338),
('15sw58', 'sw27', 78, 40, '2018-08-07 01:10:39', 1, 339),
('15sw58', 'sw28', 72, 38, '2018-08-07 01:10:39', 1, 340),
('15sw58', 'sw29', 85, -1, '2018-08-07 01:10:39', 1, 341),
('15sw58', 'sw30', 83, 43, '2018-08-07 01:10:39', 1, 342),
('15sw58', 'sw31', 40, -1, '2018-08-07 01:10:39', 1, 343),
('15sw58', 'sw32', 84, 45, '2018-08-07 01:10:39', 1, 344),
('15sw58', 'sw33', 90, 43, '2018-08-07 01:10:39', 1, 345),
('15sw58', 'sw34', 82, 40, '2018-08-07 01:10:39', 1, 346),
('15sw58', 'sw35', 78, 45, '2018-08-07 01:10:39', 1, 347),
('15sw58', 'sw37', 78, 47, '2018-08-07 01:10:39', 1, 348),
('15sw58', 'sw38', 89, 42, '2018-08-07 01:10:39', 1, 349),
('15sw58', 'sw39', 80, 40, '2018-08-07 01:10:39', 1, 350),
('15sw58', 'sw40', -1, 180, '2018-08-07 01:10:39', 1, 351),
('15sw110', 'sw01', 80, -1, '2018-08-07 01:18:15', 1, 352),
('15sw110', 'sw02', 86, 45, '2018-08-07 01:18:15', 1, 353),
('15sw110', 'sw03', 85, 40, '2018-08-07 01:18:15', 1, 354),
('15sw110', 'sw04', 83, -1, '2018-08-07 01:18:15', 1, 355),
('15sw110', 'sw05', 85, 42, '2018-08-07 01:18:15', 1, 356),
('15sw110', 'sw06', 75, 40, '2018-08-07 01:18:15', 1, 357),
('15sw110', 'sw07', 84, 45, '2018-08-07 01:18:15', 1, 358),
('15sw110', 'sw08', 90, -1, '2018-08-07 01:18:15', 1, 359),
('15sw110', 'sw09', 40, -1, '2018-08-07 01:18:15', 1, 360),
('15sw110', 'sw10', 40, -1, '2018-08-07 01:18:15', 1, 361),
('15sw110', 'sw11', 45, -1, '2018-08-07 01:18:15', 1, 362),
('15sw110', 'sw12', 40, -1, '2018-08-07 01:18:15', 1, 363),
('15sw110', 'sw13', 90, 42, '2018-08-07 01:18:15', 1, 364),
('15sw110', 'sw14', 72, -1, '2018-08-07 01:18:15', 1, 365),
('15sw110', 'sw15', 75, -1, '2018-08-07 01:18:15', 1, 366),
('15sw110', 'sw16', 89, -1, '2018-08-07 01:18:15', 1, 367),
('15sw110', 'sw17', 80, 40, '2018-08-07 01:18:15', 1, 368),
('15sw110', 'sw18', 79, 39, '2018-08-07 01:18:15', 1, 369),
('15sw110', 'sw19', 89, -1, '2018-08-07 01:18:15', 1, 370),
('15sw110', 'sw20', 84, 48, '2018-08-07 01:18:15', 1, 371),
('15sw110', 'sw21', 81, -1, '2018-08-07 01:18:15', 1, 372),
('15sw110', 'sw22', 70, -1, '2018-08-07 01:18:15', 1, 373),
('15sw110', 'sw23', 91, 44, '2018-08-07 01:18:15', 1, 374),
('15sw110', 'sw24', 81, -1, '2018-08-07 01:18:15', 1, 375),
('15sw110', 'sw25', 91, -1, '2018-08-07 01:18:15', 1, 376),
('15sw110', 'sw26', 85, 45, '2018-08-07 01:18:15', 1, 377),
('15sw110', 'sw27', 78, 40, '2018-08-07 01:18:15', 1, 378),
('15sw110', 'sw28', 72, 38, '2018-08-07 01:18:15', 1, 379),
('15sw110', 'sw29', 85, -1, '2018-08-07 01:18:15', 1, 380),
('15sw110', 'sw30', 83, 43, '2018-08-07 01:18:15', 1, 381),
('15sw110', 'sw31', 40, -1, '2018-08-07 01:18:15', 1, 382),
('15sw110', 'sw32', 84, 45, '2018-08-07 01:18:15', 1, 383),
('15sw110', 'sw33', 90, 43, '2018-08-07 01:18:15', 1, 384),
('15sw110', 'sw34', 82, 40, '2018-08-07 01:18:15', 1, 385),
('15sw110', 'sw35', 78, 45, '2018-08-07 01:18:15', 1, 386),
('15sw110', 'sw37', 78, 47, '2018-08-07 01:18:15', 1, 387),
('15sw110', 'sw38', 89, 42, '2018-08-07 01:18:15', 1, 388),
('15sw110', 'sw39', 80, 40, '2018-08-07 01:18:15', 1, 389),
('15sw110', 'sw40', -1, 180, '2018-08-07 01:18:15', 1, 390),
('15sw18', 'sw01', 90, -1, '2018-05-01 16:46:54', 1, 391),
('15sw18', 'sw02', 86, 40, '2018-05-01 18:59:09', 1, 392),
('15sw18', 'sw03', 80, 45, '2018-05-01 18:59:09', 1, 393),
('15sw18', 'sw04', 83, -1, '2018-05-01 18:59:09', 1, 394),
('15sw18', 'sw05', 92, 43, '2018-05-01 18:59:09', 1, 395),
('15sw18', 'sw06', 90, 41, '2018-05-01 18:59:09', 1, 396),
('15sw18', 'sw07', 99, 43, '2018-05-01 19:09:06', 1, 397),
('15sw18', 'sw08', 99, -1, '2018-05-01 19:09:06', 1, 398),
('15sw18', 'sw09', 43, -1, '2018-05-01 19:09:06', 1, 399),
('15sw18', 'sw10', 42, -1, '2018-05-01 19:09:06', 1, 400),
('15sw18', 'sw11', 42, -1, '2018-05-01 19:09:45', 1, 401),
('15sw18', 'sw12', 46, -1, '2018-05-01 19:13:07', 1, 402),
('15sw18', 'sw13', 94, 40, '2018-05-01 19:13:07', 1, 403),
('15sw18', 'sw14', 87, -1, '2018-05-01 19:13:07', 1, 404),
('15sw18', 'sw15', 86, -1, '2018-05-01 19:13:07', 1, 405),
('15sw18', 'sw16', 98, -1, '2018-05-01 19:13:07', 1, 406),
('15sw18', 'sw17', 84, 44, '2018-05-01 19:39:47', 1, 407),
('15sw18', 'sw18', 86, 45, '2018-05-01 19:39:47', 1, 408),
('15sw18', 'sw19', 86, -1, '2018-05-01 19:39:47', 1, 409),
('15sw18', 'sw20', 95, 48, '2018-05-01 19:39:47', 1, 410),
('15sw18', 'sw21', 91, -1, '2018-05-01 19:39:47', 1, 411),
('15sw18', 'sw22', 87, -1, '2018-05-01 19:44:20', 1, 412),
('15sw18', 'sw23', 96, 46, '2018-05-01 19:44:20', 1, 413),
('15sw18', 'sw24', 80, -1, '2018-05-01 19:44:20', 1, 414),
('15sw18', 'sw25', 94, -1, '2018-05-01 19:44:20', 1, 415),
('15sw18', 'sw26', 84, 44, '2018-05-01 19:44:20', 1, 416),
('15sw18', 'sw27', 90, 41, '2018-05-01 19:48:12', 1, 417),
('15sw18', 'sw28', 87, 40, '2018-05-01 19:48:12', 1, 418),
('15sw18', 'sw29', 90, -1, '2018-05-01 19:48:12', 1, 419),
('15sw18', 'sw30', 83, 40, '2018-05-01 19:48:12', 1, 420),
('15sw18', 'sw31', 45, -1, '2018-05-01 19:48:12', 1, 421),
('15sw18', 'sw32', 83, 35, '2018-05-01 19:53:28', 1, 422),
('15sw18', 'sw33', 85, 41, '2018-05-01 19:53:28', 1, 423),
('15sw18', 'sw34', 85, 45, '2018-05-01 19:53:28', 1, 424),
('15sw18', 'sw35', 85, 45, '2018-05-01 19:53:28', 1, 425),
('15sw18', 'sw37', 85, 45, '2018-05-01 19:53:28', 1, 426),
('15sw18', 'sw38', 84, 45, '2018-05-01 19:53:28', 1, 427),
('15sw18', 'sw39', 83, 40, '2018-05-01 19:53:28', 1, 428),
('15sw18', 'sw40', -1, 180, '2018-05-01 19:53:28', 1, 429),
('15sw46', 'sw01', 90, -1, '2018-05-01 16:46:54', 1, 430),
('15sw46', 'sw02', 86, 40, '2018-05-01 18:59:09', 1, 431),
('15sw46', 'sw03', 80, 45, '2018-05-01 18:59:09', 1, 432),
('15sw46', 'sw04', 83, -1, '2018-05-01 18:59:09', 1, 433),
('15sw46', 'sw05', 92, 43, '2018-05-01 18:59:09', 1, 434),
('15sw46', 'sw06', 90, 41, '2018-05-01 18:59:09', 1, 435),
('15sw46', 'sw07', 99, 43, '2018-05-01 19:09:06', 1, 436),
('15sw46', 'sw08', 99, -1, '2018-05-01 19:09:06', 1, 437),
('15sw46', 'sw09', 43, -1, '2018-05-01 19:09:06', 1, 438),
('15sw46', 'sw10', 42, -1, '2018-05-01 19:09:06', 1, 439),
('15sw46', 'sw11', 42, -1, '2018-05-01 19:09:45', 1, 440),
('15sw46', 'sw12', 46, -1, '2018-05-01 19:13:07', 1, 441),
('15sw46', 'sw13', 94, 40, '2018-05-01 19:13:07', 1, 442),
('15sw46', 'sw14', 87, -1, '2018-05-01 19:13:07', 1, 443),
('15sw46', 'sw15', 86, -1, '2018-05-01 19:13:07', 1, 444),
('15sw46', 'sw16', 98, -1, '2018-05-01 19:13:07', 1, 445),
('15sw46', 'sw17', 84, 44, '2018-05-01 19:39:47', 1, 446),
('15sw46', 'sw18', 86, 45, '2018-05-01 19:39:47', 1, 447),
('15sw46', 'sw19', 86, -1, '2018-05-01 19:39:47', 1, 448),
('15sw46', 'sw20', 95, 48, '2018-05-01 19:39:47', 1, 449),
('15sw46', 'sw21', 91, -1, '2018-05-01 19:39:47', 1, 450),
('15sw46', 'sw22', 87, -1, '2018-05-01 19:44:20', 1, 451),
('15sw46', 'sw23', 96, 46, '2018-05-01 19:44:20', 1, 452),
('15sw46', 'sw24', 80, -1, '2018-05-01 19:44:20', 1, 453),
('15sw46', 'sw25', 94, -1, '2018-05-01 19:44:20', 1, 454),
('15sw46', 'sw28', 72, 38, '2018-08-07 01:05:17', 1, 455),
('15sw46', 'sw29', 85, -1, '2018-08-07 01:05:17', 1, 456),
('15sw46', 'sw30', 83, 43, '2018-08-07 01:05:17', 1, 457),
('15sw46', 'sw31', 40, -1, '2018-08-07 01:05:17', 1, 458),
('15sw46', 'sw32', 84, 45, '2018-08-07 01:05:17', 1, 459),
('15sw46', 'sw33', 90, 43, '2018-08-07 01:05:17', 1, 460),
('15sw46', 'sw34', 82, 40, '2018-08-07 01:05:17', 1, 461),
('15sw46', 'sw35', 78, 45, '2018-08-07 01:05:17', 1, 462),
('15sw46', 'sw37', 78, 47, '2018-08-07 01:05:17', 1, 463),
('15sw46', 'sw38', 89, 42, '2018-08-07 01:05:17', 1, 464),
('15sw46', 'sw39', 84, 40, '2018-08-07 01:05:17', 1, 465),
('15sw46', 'sw40', -1, 180, '2018-08-07 01:05:17', 1, 466),
('15sw46', 'sw27', 78, 40, '2018-08-07 01:10:39', 1, 467),
('15sw46', 'sw26', 85, 45, '2018-08-07 01:10:39', 1, 468);

-- --------------------------------------------------------

--
-- Table structure for table `stdinfo`
--

CREATE TABLE `stdinfo` (
  `rollNo` varchar(30) NOT NULL,
  `fullname` varchar(254) NOT NULL,
  `fatherName` varchar(254) NOT NULL,
  `addr` text NOT NULL,
  `cnic` varchar(13) NOT NULL,
  `dob` date NOT NULL,
  `country` varchar(100) NOT NULL,
  `province` varchar(100) NOT NULL,
  `domicile` varchar(100) NOT NULL,
  `email` varchar(254) NOT NULL,
  `mbNo` varchar(11) NOT NULL,
  `enrollmentNo` int(15) NOT NULL,
  `deptId` int(11) NOT NULL,
  `pic` varchar(1000) NOT NULL,
  `programme` varchar(100) NOT NULL,
  `doa` date NOT NULL,
  `status` smallint(1) NOT NULL COMMENT '1 for pending 0 for verified -1 means inactive -2 for reported student -3 for permanent delete',
  `currentPosition` text NOT NULL,
  `gender` char(1) NOT NULL,
  `surname` varchar(254) NOT NULL,
  `created_at` datetime NOT NULL DEFAULT CURRENT_TIMESTAMP
) ENGINE=InnoDB DEFAULT CHARSET=latin1;

--
-- Dumping data for table `stdinfo`
--

INSERT INTO `stdinfo` (`rollNo`, `fullname`, `fatherName`, `addr`, `cnic`, `dob`, `country`, `province`, `domicile`, `email`, `mbNo`, `enrollmentNo`, `deptId`, `pic`, `programme`, `doa`, `status`, `currentPosition`, `gender`, `surname`, `created_at`) VALUES
('15sw02', 'Rukhsar', 'Muhammad khalid', 'jacobabad city near hospital', '4211221964212', '1996-02-17', 'nepal', 'sindh', 'jacobabad', 'rukhsarq15@gmail.com', '03001334596', 4411, 1, '(2018-07-07-11-07-43)(15sw02).jpg', 'B.E', '2015-01-01', 0, '{\"curPos\":\"Student\",\"orgName\":\"None\",\"type\":null}', 'f', 'Qureshi', '2018-04-28 00:10:11'),
('15sw110', 'Muneb ur rehman', 'Muhammad Saleem', 'karachi', '1234563891111', '1999-02-01', 'pakistan', 'sindh', 'karachi', 'muneb15@gmail.com', '03128465342', 4618, 1, '(2018-10-01-12-10-04)(15sw110).jpg', 'B.E', '2015-01-01', 1, '{\"curPos\":\"Student\",\"orgName\":\"None\",\"type\":null}', 'm', 'Qureshi ', '2018-04-27 23:59:20'),
('15sw152', 'Noor ul huda Memon', 'Uncel', 'hyderabad\r\nQasimabad', '1234567891023', '1999-05-22', 'Pakistan', 'sindh', 'jacobabad', 'noorulhuda15@gmail.com', '03165278961', 5434, 1, '(2018-10-01-12-10-35)(15sw152).jpg', 'B.E', '2015-01-01', 1, '{\"curPos\":\"Student\",\"orgName\":null,\"type\":0}', 'f', 'Memon', '2018-04-28 00:10:11'),
('15sw16', 'Sehar Asghar', 'Muhammad Asghar', 'Kunri', '1234568922211', '1995-03-23', 'pakistan', 'sindh', 'UMERkot', 'seharasghar@gmail.com', '03001334569', 5432, 1, '(2018-08-10-10-08-16)(15sw16).jpg', 'B.E', '2015-01-01', 1, '{\"curPos\":\"Student\",\"orgName\":null,\"type\":0}', 'f', 'Arain', '2018-04-27 23:30:38'),
('15sw18', 'Anum Atique', 'Muhammad Atique', 'Market road hyderabad', '4211221964212', '1996-02-17', 'pakistan', 'sindh', 'hyderabad', 'anumnaz20@gmail.com', '03001334596', 4411, 1, '(2018-07-07-11-07-43)(15sw02).jpg', 'B.E', '2015-01-01', 1, '{\"curPos\":\"Student\",\"orgName\":\"None\",\"type\":null}', 'f', 'Paracha', '2018-04-28 00:10:11'),
('15sw20', 'Bushra Qureshi', 'Pir Abdul Aziz', 'qasimabad muslim society hyd', '1234569110243', '1997-08-20', 'pakistan', 'sindh', 'hyderabad', 'engrbushra@gmail.com', '03031034569', 4418, 1, '(2018-07-07-12-07-23)(15sw20).jpg', 'B.E', '2015-01-01', 1, '{\"curPos\":\"Student\",\"orgName\":null,\"type\":0}', 'f', 'Qureshi', '2018-04-27 02:32:26'),
('15sw22', 'Anum khan', 'Ahmed', 'Mirpurkhas', '9876543212247', '1998-01-09', 'pakistan', 'sindh', 'mirpurkhas', 'anukhan@outlook.com', '03128765342', 3309, 1, '(2018-10-01-12-10-03)(15sw22).jpg', 'B.E', '2015-01-01', 0, '{\"curPos\":\"Student\",\"orgName\":\"None\",\"type\":null}', 'f', 'Pathan', '2018-04-27 23:53:52'),
('15sw27', 'Imran Hussain', 'Ghulam Hussain', 'mir fazal town hyderabad', '9876543212347', '1994-10-14', 'pakistan', 'sindh', 'hyderabad', 'imranhussain@gmail.com', '03031232569', 3210, 1, '(2018-10-01-12-10-24)(15sw27).jpg', 'B.E', '2015-01-01', 1, '{\"curPos\":\"Student\",\"orgName\":null,\"type\":0}', 'm', 'Arain', '2018-04-27 23:35:38'),
('15sw40', 'Hina Hussain', 'Ghulam Hussain', 'mir fazal town latifabad unit no 09 hyderabad', '4440142501796', '1996-05-07', 'pakistan', 'sindh', 'umerkot', 'engrhina15@outlook.com', '03105365105', 4226, 1, '(2018-10-01-01-10-32)(15sw40).png', 'B.E', '2015-01-01', 0, '{\"curPos\":\"Student\",\"orgName\":null,\"type\":0}', 'f', 'Arain', '2018-04-27 02:27:22'),
('15sw46', 'Kainat khan', 'Mohammad Arshad', 'Hyderabad latifabad', '9876543212247', '1998-01-09', 'pakistan', 'sindh', 'hyderabad', 'kainatkhan@gmail.com', '03128765342', 3309, 1, '(2018-10-01-12-10-03)(15sw22).jpg', 'B.E', '2015-01-01', 1, '{\"curPos\":\"Student\",\"orgName\":\"None\",\"type\":null}', 'f', 'Pathan', '2018-04-27 23:53:52'),
('15sw58', 'Fahad Talpur', 'Muhammad Fahad', 'nawabshah', '2444098714235', '1999-05-16', 'pakistan', 'sindh', 'nawabshah', 'fahadtalpur@gmail.com', '03105321015', 4248, 1, '(2018-10-02-12-10-54)(15sw58).jpg', 'B.E', '2015-01-01', 1, '{\"curPos\":\"Student\",\"orgName\":null,\"type\":0}', 'm', 'Talpur', '2018-04-27 23:53:52'),
('16sw78', 'Komal Rizvi', 'Muhammad Rizwan', 'heraabad   hyderabad', '1745841151481', '1998-05-07', 'pakistan', 'sindh', 'nawabshah', 'komalrizvi@yaho.com', '03128105342', 4111, 1, '(2018-10-01-01-10-07)(16sw78).jpg', 'B.E', '2016-01-01', 1, '{\"curPos\":\"Student\",\"orgName\":null,\"type\":0}', 'f', 'Rajpot khan', '2018-04-28 00:02:35');

-- --------------------------------------------------------

--
-- Table structure for table `std_clo`
--

CREATE TABLE `std_clo` (
  `cloId` int(11) NOT NULL,
  `rollNo` varchar(30) NOT NULL,
  `marksObt` smallint(6) NOT NULL,
  `assesId` int(11) NOT NULL,
  `assesName` varchar(100) NOT NULL,
  `created_at` datetime NOT NULL DEFAULT CURRENT_TIMESTAMP
) ENGINE=InnoDB DEFAULT CHARSET=latin1;

--
-- Dumping data for table `std_clo`
--

INSERT INTO `std_clo` (`cloId`, `rollNo`, `marksObt`, `assesId`, `assesName`, `created_at`) VALUES
(1, '16sw78', 18, 3, 'mid exam ', '2018-06-01 20:20:14'),
(1, '16sw78', 17, 4, 'final exam ', '2018-06-01 20:20:14'),
(1, '16sw78', 8, 5, 'test1', '2018-06-01 20:20:14'),
(2, '16sw78', 35, 4, 'final exam ', '2018-06-01 20:20:14'),
(2, '16sw78', 9, 2, 'presentation1', '2018-06-01 20:20:14'),
(3, '16sw78', 12, 3, 'mid exam ', '2018-06-01 20:20:14'),
(3, '16sw78', 10, 4, 'final exam ', '2018-06-01 20:20:14'),
(3, '16sw78', 9, 6, 'assingment', '2018-06-01 20:20:14'),
(3, '16sw78', 8, 5, 'test', '2018-06-01 20:20:14'),
(4, '16sw78', 4, 3, 'mid exam ', '2018-06-01 20:39:38'),
(4, '16sw78', 22, 4, 'final exam ', '2018-06-01 20:39:38'),
(4, '16sw78', 12, 8, 'lab task ', '2018-06-01 20:39:38'),
(4, '16sw78', 5, 1, 'quiz', '2018-06-01 20:39:38'),
(5, '16sw78', 19, 4, 'final exam ', '2018-06-01 20:39:38'),
(5, '16sw78', 8, 2, 'presentation', '2018-06-01 20:39:38'),
(5, '16sw78', 9, 7, 'project', '2018-06-01 20:39:38'),
(5, '16sw78', 9, 9, 'viva', '2018-06-01 20:39:38'),
(6, '16sw78', 18, 3, 'mid exam ', '2018-06-01 20:39:38'),
(6, '16sw78', 20, 4, 'final exam ', '2018-06-01 20:39:38'),
(7, '16sw78', 25, 4, 'final exam ', '2018-06-01 21:07:06'),
(7, '16sw78', 13, 9, 'viva', '2018-06-01 21:07:06'),
(7, '16sw78', 15, 8, 'lab experiments', '2018-06-01 21:07:06'),
(7, '16sw78', 8, 5, 'test1', '2018-06-01 21:07:06'),
(8, '16sw78', 7, 4, 'final exam ', '2018-06-01 21:07:06'),
(8, '16sw78', 8, 6, 'assignment', '2018-06-01 21:07:06'),
(8, '16sw78', 9, 7, 'project', '2018-06-01 21:07:06'),
(8, '16sw78', 10, 16, 'final practical test', '2018-06-01 21:07:06'),
(9, '16sw78', 18, 3, 'mid exam ', '2018-06-01 21:07:06'),
(9, '16sw78', 18, 4, 'final exam ', '2018-06-01 21:07:06'),
(10, '16sw78', 35, 4, 'final exam', '2018-06-01 21:28:40'),
(10, '16sw78', 5, 5, 'test1', '2018-06-01 21:28:40'),
(10, '16sw78', 4, 5, 'test2', '2018-06-01 21:28:40'),
(10, '16sw78', 8, 2, 'presentation', '2018-06-01 21:28:40'),
(11, '16sw78', 8, 3, 'mid exam ', '2018-06-01 21:28:40'),
(11, '16sw78', 9, 4, 'final exam ', '2018-06-01 21:28:40'),
(11, '16sw78', 10, 10, 'attendence', '2018-06-01 21:28:40'),
(11, '16sw78', 9, 8, 'lab task ', '2018-06-01 21:28:40'),
(12, '16sw78', 9, 3, 'mid exam ', '2018-06-01 21:28:40'),
(12, '16sw78', 25, 4, 'final exam ', '2018-06-01 21:28:40'),
(12, '16sw78', 9, 9, 'viva', '2018-06-01 21:28:40'),
(12, '16sw78', 10, 1, 'quiz', '2018-06-01 21:28:40'),
(13, '16sw78', 19, 4, 'final exam ', '2018-06-01 23:57:28'),
(13, '16sw78', 8, 6, 'assignment', '2018-06-01 23:57:28'),
(13, '16sw78', 18, 16, 'final practical test', '2018-06-01 23:57:28'),
(14, '16sw78', 18, 4, 'final exam ', '2018-06-01 23:57:28'),
(14, '16sw78', 15, 3, 'mid exam ', '2018-06-01 23:57:28'),
(14, '16sw78', 5, 5, 'test', '2018-06-01 23:57:28'),
(14, '16sw78', 9, 8, 'lab task', '2018-06-01 23:57:28'),
(15, '16sw78', 4, 3, 'mid exam ', '2018-06-01 23:57:28'),
(15, '16sw78', 18, 4, 'final exam ', '2018-06-01 23:57:28'),
(15, '16sw78', 4, 6, 'assignment1', '2018-06-01 23:57:28'),
(15, '16sw78', 5, 6, 'assignment', '2018-06-01 23:57:28'),
(15, '16sw78', 9, 5, 'test', '2018-06-01 23:57:28'),
(15, '16sw78', 5, 11, 'lab book submission', '2018-06-01 23:57:28'),
(16, '16sw78', 19, 4, 'final exam ', '2018-06-02 00:12:30'),
(16, '16sw78', 5, 10, 'attendence', '2018-06-02 00:12:30'),
(16, '16sw78', 8, 16, 'final practical test', '2018-06-02 00:12:30'),
(16, '16sw78', 13, 7, 'project', '2018-06-02 00:12:30'),
(17, '16sw78', 14, 3, 'mid exam ', '2018-06-02 00:12:30'),
(17, '16sw78', 5, 5, 'test1', '2018-06-02 00:12:30'),
(17, '16sw78', 3, 5, 'test2', '2018-06-02 00:12:30'),
(17, '16sw78', 4, 10, 'lab attendence', '2018-06-02 00:12:30'),
(18, '16sw78', 5, 3, 'mid exam ', '2018-06-02 00:12:30'),
(18, '16sw78', 25, 4, 'final exam ', '2018-06-02 00:12:30'),
(18, '16sw78', 9, 5, 'test2', '2018-06-02 00:12:30'),
(18, '16sw78', 9, 8, 'lab task ', '2018-06-02 00:12:30'),
(18, '16sw78', 8, 9, 'viva', '2018-06-02 00:12:30'),
(18, '16sw78', 4, 7, 'project', '2018-06-02 00:12:30'),
(19, '16sw78', 27, 4, 'final exam ', '2018-06-02 00:25:37'),
(19, '16sw78', 5, 10, 'attendence', '2018-06-02 00:25:37'),
(19, '16sw78', 8, 16, 'final practical test', '2018-06-02 00:25:37'),
(19, '16sw78', 5, 7, 'project', '2018-06-02 00:25:37'),
(20, '16sw78', 19, 3, 'mid exam ', '2018-06-02 00:25:37'),
(20, '16sw78', 8, 4, 'final exam ', '2018-06-02 00:25:37'),
(20, '16sw78', 10, 10, 'attendence', '2018-06-02 00:25:37'),
(21, '16sw78', 45, 4, 'final exam ', '2018-06-02 00:25:37'),
(21, '16sw78', 10, 5, 'test', '2018-06-02 00:25:37'),
(22, '16sw78', 10, 3, 'mid exam ', '2018-06-02 00:25:37'),
(22, '16sw78', 26, 4, 'final exam ', '2018-06-02 00:25:37'),
(22, '16sw78', 4, 5, 'test', '2018-06-02 00:25:37'),
(22, '16sw78', 4, 6, 'assignment', '2018-06-02 00:25:37'),
(23, '16sw78', 8, 3, 'mid exam ', '2018-06-02 00:46:26'),
(23, '16sw78', 30, 4, 'final exam ', '2018-06-02 00:46:26'),
(23, '16sw78', 2, 5, 'test', '2018-06-02 00:46:26'),
(23, '16sw78', 5, 1, 'quiz', '2018-06-02 00:46:26'),
(24, '16sw78', 6, 3, 'mid exam ', '2018-06-02 00:46:26'),
(24, '16sw78', 28, 4, 'final exam ', '2018-06-02 00:46:26'),
(24, '16sw78', 4, 6, 'assignment', '2018-06-02 00:46:26'),
(24, '16sw78', 5, 2, 'presentation', '2018-06-02 00:46:26'),
(25, '16sw78', 10, 3, 'mid exam ', '2018-06-02 00:46:26'),
(25, '16sw78', 29, 4, 'final exam ', '2018-06-02 00:46:26'),
(25, '16sw78', 5, 10, 'attendence', '2018-06-02 00:46:26'),
(25, '16sw78', 4, 6, 'assignment', '2018-06-02 00:46:26'),
(26, '16sw78', 13, 3, 'mid exam ', '2018-06-02 01:21:20'),
(26, '16sw78', 5, 4, 'final exam ', '2018-06-02 01:21:20'),
(26, '16sw78', 7, 5, 'test1', '2018-06-02 01:21:20'),
(26, '16sw78', 7, 8, 'lab task ', '2018-06-02 01:21:20'),
(27, '16sw78', 5, 3, 'mid exam ', '2018-06-02 01:21:20'),
(27, '16sw78', 26, 4, 'final exam ', '2018-06-02 01:21:20'),
(27, '16sw78', 9, 5, 'test', '2018-06-02 01:21:20'),
(27, '16sw78', 8, 9, 'viva', '2018-06-02 01:21:20'),
(27, '16sw78', 8, 6, 'assignment', '2018-06-02 01:21:20'),
(27, '16sw78', 5, 11, 'lab book submission', '2018-06-02 01:21:20'),
(28, '16sw78', 22, 4, 'final exam ', '2018-06-02 01:21:20'),
(28, '16sw78', 9, 7, 'project', '2018-06-02 01:21:20'),
(28, '16sw78', 4, 1, 'quiz', '2018-06-02 01:21:20'),
(29, '16sw78', 19, 3, 'mid exam', '2018-06-02 02:49:06'),
(29, '16sw78', 6, 4, 'final exam ', '2018-06-02 02:49:06'),
(29, '16sw78', 9, 5, 'test1', '2018-06-02 02:49:06'),
(30, '16sw78', 45, 4, 'final exam ', '2018-06-02 02:49:06'),
(30, '16sw78', 5, 5, 'test2', '2018-06-02 02:49:06'),
(30, '16sw78', 4, 6, 'assignment', '2018-06-02 02:49:06'),
(31, '16sw78', 14, 3, 'mid exam ', '2018-06-02 02:49:06'),
(31, '16sw78', 5, 4, 'final exam ', '2018-06-02 02:49:06'),
(31, '16sw78', 10, 10, 'attendence', '2018-06-02 02:49:06'),
(32, '16sw78', 50, 4, 'final exam ', '2018-06-02 02:49:06'),
(32, '16sw78', 4, 3, 'mid exam ', '2018-06-02 02:49:06'),
(32, '16sw78', 8, 7, 'project', '2018-06-02 02:49:06'),
(33, '16sw78', 14, 3, 'mid exam ', '2018-06-02 03:02:56'),
(33, '16sw78', 4, 4, 'final exam ', '2018-06-02 03:02:56'),
(33, '16sw78', 3, 5, 'test1', '2018-06-02 03:02:56'),
(34, '16sw78', 5, 3, 'mid exam ', '2018-06-02 03:02:56'),
(34, '16sw78', 48, 4, 'final exam ', '2018-06-02 03:02:56'),
(34, '16sw78', 5, 5, 'test2', '2018-06-02 03:02:56'),
(34, '16sw78', 9, 6, 'assignment', '2018-06-02 03:02:56'),
(35, '16sw78', 13, 3, 'mid exam ', '2018-06-02 03:02:56'),
(35, '16sw78', 5, 4, 'final exam ', '2018-06-02 03:02:56'),
(35, '16sw78', 4, 8, 'lab task ', '2018-06-02 03:02:56'),
(35, '16sw78', 4, 9, 'viva', '2018-06-02 03:02:56'),
(35, '16sw78', 10, 10, 'attendence', '2018-06-02 03:02:56'),
(36, '16sw78', 5, 3, 'mid exam ', '2018-06-02 03:12:52'),
(36, '16sw78', 35, 4, 'final exam ', '2018-06-02 03:12:52'),
(36, '16sw78', 7, 8, 'lab task ', '2018-06-02 03:12:52'),
(36, '16sw78', 10, 7, 'project', '2018-06-02 03:12:52'),
(36, '16sw78', 5, 5, 'test', '2018-06-02 03:12:52'),
(36, '16sw78', 9, 9, 'viva', '2018-06-02 03:12:52'),
(37, '16sw78', 14, 4, 'final exam ', '2018-06-02 03:12:52'),
(37, '16sw78', 5, 5, 'test', '2018-06-02 03:12:52'),
(37, '16sw78', 8, 16, 'final practical test', '2018-06-02 03:12:52'),
(38, '16sw78', 8, 3, 'mid exam ', '2018-06-02 03:12:52'),
(38, '16sw78', 5, 4, 'final exam ', '2018-06-02 03:12:52'),
(38, '16sw78', 5, 8, 'lab task', '2018-06-02 03:12:52'),
(38, '16sw78', 3, 9, 'viva', '2018-06-02 03:12:52'),
(38, '16sw78', 5, 10, 'attendence', '2018-06-02 03:12:52'),
(39, '16sw78', 8, 3, 'mid exam ', '2018-06-02 03:21:40'),
(39, '16sw78', 23, 4, 'final exam ', '2018-06-02 03:21:40'),
(39, '16sw78', 8, 7, 'project', '2018-06-02 03:21:40'),
(39, '16sw78', 2, 9, 'viva', '2018-06-02 03:21:40'),
(39, '16sw78', 9, 5, 'test', '2018-06-02 03:21:40'),
(40, '16sw78', 28, 4, 'final exam ', '2018-06-02 03:21:40'),
(40, '16sw78', 5, 2, 'presentation', '2018-06-02 03:21:40'),
(40, '16sw78', 4, 9, 'viva', '2018-06-02 03:21:40'),
(40, '16sw78', 8, 16, 'final practical test', '2018-06-02 03:21:40'),
(40, '16sw78', 10, 8, 'lab task ', '2018-06-02 03:21:40'),
(41, '16sw78', 13, 3, 'mid exam ', '2018-06-02 03:21:40'),
(41, '16sw78', 9, 4, 'final exam ', '2018-06-02 03:21:40'),
(41, '16sw78', 5, 5, 'test', '2018-06-02 03:21:40'),
(41, '16sw78', 10, 10, 'attendence', '2018-06-02 03:21:40'),
(42, '16sw78', 4, 3, 'mid exam ', '2018-06-02 04:35:35'),
(42, '16sw78', 45, 4, 'final exam ', '2018-06-02 04:35:35'),
(42, '16sw78', 3, 5, 'test2', '2018-06-02 04:35:35'),
(43, '16sw78', 6, 3, 'mid exam ', '2018-06-02 04:35:35'),
(43, '16sw78', 4, 9, '', '2018-06-02 04:35:35'),
(43, '16sw78', 5, 8, 'lab task ', '2018-06-02 04:35:35'),
(44, '16sw78', 9, 3, 'mid exam ', '2018-06-02 04:35:35'),
(44, '16sw78', 35, 4, 'final exam ', '2018-06-02 04:35:35'),
(44, '16sw78', 8, 7, 'project', '2018-06-02 04:35:35'),
(44, '16sw78', 8, 9, 'viva', '2018-06-02 04:35:35'),
(44, '16sw78', 9, 5, 'test', '2018-06-02 04:35:35'),
(44, '16sw78', 10, 16, 'final practical test', '2018-06-02 04:35:35'),
(45, '16sw78', 19, 4, 'final exam ', '2018-06-02 04:45:04'),
(45, '16sw78', 8, 6, 'assignment ', '2018-06-02 04:45:04'),
(45, '16sw78', 9, 8, 'lab task ', '2018-06-02 04:45:04'),
(46, '16sw78', 18, 3, 'mid exam ', '2018-06-02 04:45:04'),
(46, '16sw78', 15, 4, 'final exam ', '2018-06-02 04:45:04'),
(46, '16sw78', 10, 5, 'test', '2018-06-02 04:45:04'),
(46, '16sw78', 5, 1, 'quiz', '2018-06-02 04:45:04'),
(47, '16sw78', 40, 4, 'final exam ', '2018-06-02 04:45:04'),
(47, '16sw78', 5, 5, 'test', '2018-06-02 04:45:04'),
(48, '16sw78', 18, 3, 'mid exam ', '2018-06-02 04:45:04'),
(48, '16sw78', 20, 4, 'final exam ', '2018-06-02 04:45:04'),
(48, '16sw78', 8, 10, 'attendence', '2018-06-02 04:45:04'),
(49, '16sw78', 36, 4, 'final exam ', '2018-06-02 04:52:27'),
(49, '16sw78', 3, 5, 'test1', '2018-06-02 04:52:27'),
(49, '16sw78', 5, 5, 'test2', '2018-06-02 04:52:27'),
(50, '16sw78', 13, 3, 'mid exam ', '2018-06-02 04:52:27'),
(50, '16sw78', 10, 8, 'lab task ', '2018-06-02 04:52:27'),
(50, '16sw78', 5, 5, 'test', '2018-06-02 04:52:27'),
(50, '16sw78', 10, 10, 'attendence', '2018-06-02 04:52:27'),
(51, '16sw78', 5, 3, 'mid exam ', '2018-06-02 04:52:27'),
(51, '16sw78', 33, 4, 'final exam ', '2018-06-02 04:52:27'),
(51, '16sw78', 9, 9, 'viva', '2018-06-02 04:52:27'),
(51, '16sw78', 5, 5, 'test', '2018-06-02 04:52:27'),
(51, '16sw78', 5, 11, 'lab book submission', '2018-06-02 04:52:27'),
(52, '16sw78', 20, 4, 'final exam ', '2018-06-02 15:17:24'),
(52, '16sw78', 8, 16, 'final practical test', '2018-06-02 15:17:24'),
(52, '16sw78', 5, 9, 'viva', '2018-06-02 15:17:24'),
(52, '16sw78', 9, 7, 'project', '2018-06-02 15:17:24'),
(53, '16sw78', 18, 3, 'mid exam ', '2018-06-02 15:17:24'),
(53, '16sw78', 5, 4, 'final exam ', '2018-06-02 15:17:24'),
(53, '16sw78', 3, 9, 'viva', '2018-06-02 15:17:24'),
(53, '16sw78', 5, 5, 'test', '2018-06-02 15:17:24'),
(53, '16sw78', 4, 1, 'quiz', '2018-06-02 15:17:24'),
(54, '16sw78', 27, 4, 'final exam ', '2018-06-02 15:17:24'),
(54, '16sw78', 5, 9, 'viva', '2018-06-02 15:17:24'),
(54, '16sw78', 10, 5, 'test1', '2018-06-02 15:17:24'),
(54, '16sw78', 8, 5, 'test2', '2018-06-02 15:17:24'),
(54, '16sw78', 5, 8, 'lab task ', '2018-06-02 15:17:24'),
(55, '16sw78', 22, 4, 'final exam ', '2018-06-02 17:19:20'),
(55, '16sw78', 3, 2, 'presentation', '2018-06-02 17:19:20'),
(55, '16sw78', 5, 9, 'viva', '2018-06-02 17:19:20'),
(55, '16sw78', 13, 16, 'final practical test', '2018-06-02 17:19:20'),
(56, '16sw78', 18, 3, 'mid exam ', '2018-06-02 17:19:20'),
(56, '16sw78', 7, 5, 'test', '2018-06-02 17:19:20'),
(56, '16sw78', 17, 4, 'final exam ', '2018-06-02 17:19:20'),
(57, '16sw78', 40, 4, 'final exam ', '2018-06-02 17:19:20'),
(57, '16sw78', 10, 7, 'project', '2018-06-02 17:19:20'),
(58, '16sw78', 13, 3, 'mid exam ', '2018-06-02 17:19:20'),
(58, '16sw78', 5, 5, 'test', '2018-06-02 17:19:20'),
(58, '16sw78', 5, 9, 'viva', '2018-06-02 17:19:20'),
(58, '16sw78', 4, 5, 'test', '2018-06-02 17:19:20'),
(59, '16sw78', 4, 3, 'mid exam ', '2018-06-02 17:32:06'),
(59, '16sw78', 28, 4, 'final exam ', '2018-06-02 17:32:06'),
(59, '16sw78', 5, 9, 'viva', '2018-06-02 17:32:06'),
(59, '16sw78', 9, 5, 'test', '2018-06-02 17:32:06'),
(59, '16sw78', 7, 2, 'presentation', '2018-06-02 17:32:06'),
(60, '16sw78', 26, 4, 'final exam ', '2018-06-02 17:32:06'),
(60, '16sw78', 5, 1, 'quiz', '2018-06-02 17:32:06'),
(60, '16sw78', 4, 9, 'viva', '2018-06-02 17:32:06'),
(60, '16sw78', 8, 7, 'project', '2018-06-02 17:32:06'),
(60, '16sw78', 10, 16, 'final practical test', '2018-06-02 17:32:06'),
(61, '16sw78', 18, 3, 'mid exam ', '2018-06-02 17:32:06'),
(61, '16sw78', 9, 4, 'final exam ', '2018-06-02 17:32:06'),
(61, '16sw78', 5, 9, 'viva', '2018-06-02 17:32:06'),
(61, '16sw78', 10, 5, 'test', '2018-06-02 17:32:06'),
(61, '16sw78', 5, 8, 'lab task ', '2018-06-02 17:32:06'),
(62, '16sw78', 18, 4, 'final exam ', '2018-06-02 17:46:32'),
(62, '16sw78', 5, 9, 'viva', '2018-06-02 17:46:32'),
(62, '16sw78', 4, 1, 'quiz', '2018-06-02 17:46:32'),
(63, '16sw78', 27, 4, 'final exam ', '2018-06-02 17:46:32'),
(63, '16sw78', 8, 2, 'presentation', '2018-06-02 17:46:32'),
(63, '16sw78', 9, 7, 'project', '2018-06-02 17:46:32'),
(63, '16sw78', 9, 9, 'viva', '2018-06-02 17:46:32'),
(63, '16sw78', 10, 16, 'final practical test', '2018-06-02 17:46:32'),
(64, '16sw78', 18, 3, 'mid exam ', '2018-06-02 17:46:32'),
(64, '16sw78', 9, 4, 'final exam', '2018-06-02 17:46:32'),
(64, '16sw78', 4, 9, 'viva', '2018-06-02 17:46:32'),
(64, '16sw78', 8, 8, 'lab task ', '2018-06-02 17:46:32'),
(64, '16sw78', 3, 5, 'test', '2018-06-02 17:46:32'),
(65, '16sw78', 20, 4, 'final exam ', '2018-06-02 18:15:41'),
(65, '16sw78', 5, 9, 'viva', '2018-06-02 18:15:41'),
(65, '16sw78', 8, 5, 'test', '2018-06-02 18:15:41'),
(65, '16sw78', 10, 7, 'project', '2018-06-02 18:15:41'),
(66, '16sw78', 25, 4, 'final exam ', '2018-06-02 18:15:41'),
(66, '16sw78', 5, 9, 'viva', '2018-06-02 18:15:41'),
(66, '16sw78', 4, 1, 'quiz', '2018-06-02 18:15:41'),
(66, '16sw78', 12, 16, 'final practical test', '2018-06-02 18:15:41'),
(67, '16sw78', 18, 3, 'mid exam ', '2018-06-02 18:15:41'),
(67, '16sw78', 20, 4, 'final exam ', '2018-06-02 18:15:41'),
(67, '16sw78', 5, 5, 'test', '2018-06-02 18:15:41'),
(68, '16sw78', 38, 4, 'final exam ', '2018-06-02 18:15:41'),
(68, '16sw78', 8, 2, 'presentation', '2018-06-02 18:15:41'),
(69, '16sw78', 19, 3, 'mid exam ', '2018-06-02 18:31:29'),
(69, '16sw78', 5, 5, 'test', '2018-06-02 18:31:29'),
(69, '16sw78', 10, 8, 'lab task ', '2018-06-02 18:31:29'),
(70, '16sw78', 26, 4, 'final exam ', '2018-06-02 18:31:29'),
(70, '16sw78', 10, 9, 'viva', '2018-06-02 18:31:29'),
(70, '16sw78', 9, 2, 'presentation', '2018-06-02 18:31:29'),
(70, '16sw78', 9, 5, 'test', '2018-06-02 18:31:29'),
(71, '16sw78', 25, 4, 'final exam ', '2018-06-02 18:31:29'),
(71, '16sw78', 10, 7, 'project', '2018-06-02 18:31:29'),
(71, '16sw78', 9, 16, 'final practical test ', '2018-06-02 18:31:29'),
(72, '16sw78', 9, 3, 'mid exam ', '2018-06-02 18:31:29'),
(72, '16sw78', 30, 4, 'final exam ', '2018-06-02 18:31:29'),
(72, '16sw78', 5, 5, 'test', '2018-06-02 18:31:29'),
(72, '16sw78', 4, 2, 'presentation', '2018-06-02 18:45:07'),
(73, '16sw78', 18, 3, 'mid exam ', '2018-06-02 18:45:07'),
(73, '16sw78', 8, 5, 'test', '2018-06-02 18:45:07'),
(73, '16sw78', 8, 8, 'lab task ', '2018-06-02 18:45:07'),
(74, '16sw78', 26, 4, 'final exam ', '2018-06-02 18:45:07'),
(74, '16sw78', 9, 9, 'viva', '2018-06-02 18:45:07'),
(74, '16sw78', 9, 7, 'project', '2018-06-02 18:45:07'),
(75, '16sw78', 12, 4, 'final exam ', '2018-06-02 18:45:07'),
(75, '16sw78', 10, 2, 'presentation', '2018-06-02 18:45:07'),
(75, '16sw78', 0, 11, 'lab book submission', '2018-06-02 18:45:07'),
(76, '16sw78', 13, 4, 'final exam ', '2018-06-02 18:45:07'),
(76, '16sw78', 9, 16, 'final practical test', '2018-06-02 18:45:07'),
(76, '16sw78', 5, 9, 'viva', '2018-06-02 18:45:07'),
(77, '16sw78', 4, 3, 'mid exam ', '2018-06-02 18:56:33'),
(77, '16sw78', 5, 5, 'test', '2018-06-02 18:56:33'),
(77, '16sw78', 5, 9, 'viva', '2018-06-02 18:56:33'),
(77, '16sw78', 0, 6, 'assignment', '2018-06-02 18:56:33'),
(78, '16sw78', 8, 3, 'mid exam ', '2018-06-02 23:25:11'),
(78, '16sw78', 8, 4, 'final exam ', '2018-06-02 23:25:11'),
(78, '16sw78', 9, 5, 'test', '2018-06-02 23:25:11'),
(78, '16sw78', 10, 8, 'lab task ', '2018-06-02 23:25:11'),
(78, '16sw78', 1, 2, 'presentation', '2018-06-02 23:25:11'),
(79, '16sw78', 5, 3, 'mid exam ', '2018-06-02 23:25:11'),
(79, '16sw78', 9, 4, 'final exam ', '2018-06-02 23:25:11'),
(79, '16sw78', 5, 9, 'viva', '2018-06-02 23:25:11'),
(80, '16sw78', 38, 4, 'final exam ', '2018-06-02 23:25:11'),
(80, '16sw78', 9, 7, 'project', '2018-06-02 23:25:11'),
(80, '16sw78', 10, 16, 'final practical test', '2018-06-02 23:25:11'),
(81, '16sw78', 18, 3, 'mid exam ', '2018-06-02 23:25:11'),
(81, '16sw78', 10, 4, 'final exam ', '2018-06-02 23:25:11'),
(81, '16sw78', 10, 5, 'test', '2018-06-02 23:25:11'),
(81, '16sw78', 8, 8, 'lab task ', '2018-06-02 23:25:11'),
(82, '16sw78', 22, 4, 'final exam ', '2018-06-02 23:36:55'),
(82, '16sw78', 9, 9, 'viva', '2018-06-02 23:36:55'),
(82, '16sw78', 8, 5, 'test', '2018-06-02 23:36:55'),
(82, '16sw78', 5, 1, 'quiz', '2018-06-02 23:36:55'),
(83, '16sw78', 25, 4, 'final exam ', '2018-06-02 23:36:55'),
(83, '16sw78', 5, 6, 'assignment', '2018-06-02 23:36:55'),
(83, '16sw78', 9, 7, 'project', '2018-06-02 23:36:55'),
(83, '16sw78', 10, 16, 'final practical test', '2018-06-02 23:36:55'),
(84, '16sw78', 18, 3, 'mid exam ', '2018-06-02 23:36:55'),
(84, '16sw78', 10, 4, 'final exam ', '2018-06-02 23:36:55'),
(84, '16sw78', 9, 8, 'lab task ', '2018-06-02 23:36:55'),
(84, '16sw78', 9, 5, 'test', '2018-06-02 23:36:55'),
(85, '16sw78', 28, 4, 'final exam ', '2018-06-02 23:51:03'),
(85, '16sw78', 9, 5, 'test', '2018-06-02 23:51:03'),
(85, '16sw78', 8, 9, 'viva', '2018-06-02 23:51:03'),
(86, '16sw78', 20, 4, 'final exam ', '2018-06-02 23:51:03'),
(86, '16sw78', 6, 2, 'presentation', '2018-06-02 23:51:03'),
(86, '16sw78', 10, 7, 'project', '2018-06-02 23:51:03'),
(86, '16sw78', 9, 16, 'final practical test', '2018-06-02 23:51:03'),
(87, '16sw78', 20, 3, 'mid exam ', '2018-06-02 23:51:03'),
(87, '16sw78', 10, 4, 'final exam ', '2018-06-02 23:51:03'),
(87, '16sw78', 9, 8, 'lab task ', '2018-06-02 23:51:03'),
(87, '16sw78', 9, 9, 'viva', '2018-06-02 23:51:03'),
(88, '16sw78', 18, 4, 'final exam ', '2018-06-02 23:51:03'),
(88, '16sw78', 8, 5, 'test', '2018-06-03 00:00:53'),
(88, '16sw78', 8, 7, 'project', '2018-06-03 00:00:53'),
(88, '16sw78', 8, 16, 'final practical test', '2018-06-03 00:00:53'),
(89, '16sw78', 25, 4, 'final exam ', '2018-06-03 00:00:53'),
(89, '16sw78', 10, 6, 'assignment', '2018-06-03 00:00:53'),
(89, '16sw78', 9, 2, 'presentation', '2018-06-03 00:00:53'),
(90, '16sw78', 18, 3, 'mid exam ', '2018-06-03 00:00:53'),
(90, '16sw78', 10, 4, 'final exam ', '2018-06-03 00:00:53'),
(90, '16sw78', 10, 8, 'lab task ', '2018-06-03 00:00:53'),
(90, '16sw78', 9, 5, 'test', '2018-06-03 00:00:53'),
(91, '16sw78', 30, 4, 'final exam ', '2018-06-03 00:00:53'),
(91, '16sw78', 9, 9, 'viva', '2018-06-03 00:00:53'),
(91, '16sw78', 8, 5, 'test', '2018-06-03 00:00:53'),
(92, '16sw78', 19, 4, 'final exam ', '2018-06-03 00:12:43'),
(92, '16sw78', 8, 6, 'assignment', '2018-06-03 00:12:43'),
(92, '16sw78', 10, 16, 'final practical test', '2018-06-03 00:12:43'),
(92, '16sw78', 10, 7, 'project', '2018-06-03 00:12:43'),
(93, '16sw78', 6, 8, 'lab task ', '2018-06-03 00:12:43'),
(93, '16sw78', 20, 3, 'mid exam ', '2018-06-03 00:12:43'),
(93, '16sw78', 9, 5, 'test1', '2018-06-03 00:12:43'),
(93, '16sw78', 10, 5, 'test2', '2018-06-03 00:12:43'),
(94, '16sw78', 30, 4, 'final exam ', '2018-06-03 00:12:43'),
(94, '16sw78', 9, 2, 'presentation', '2018-06-03 00:12:43'),
(94, '16sw78', 10, 9, 'viva', '2018-06-03 00:12:43'),
(95, '16sw78', 30, 4, 'final exam ', '2018-06-03 00:12:43'),
(95, '16sw78', 8, 7, 'project', '2018-06-03 00:12:43'),
(95, '16sw78', 10, 16, 'final practical test', '2018-06-03 00:12:43'),
(96, '16sw78', 8, 15, 'initial presentation', '2018-06-03 00:15:55'),
(97, '16sw78', 110, 12, 'final year project', '2018-06-03 00:15:55'),
(98, '16sw78', 35, 13, 'final thesis', '2018-06-03 00:15:55'),
(99, '16sw78', 28, 14, 'final presentation', '2018-06-03 00:15:55');

-- --------------------------------------------------------

--
-- Table structure for table `std_plo`
--

CREATE TABLE `std_plo` (
  `rollNo` varchar(30) NOT NULL,
  `ploId` int(11) NOT NULL,
  `marksObt` smallint(6) NOT NULL,
  `created_at` datetime NOT NULL DEFAULT CURRENT_TIMESTAMP,
  `cloId` int(11) NOT NULL
) ENGINE=InnoDB DEFAULT CHARSET=latin1;

--
-- Dumping data for table `std_plo`
--

INSERT INTO `std_plo` (`rollNo`, `ploId`, `marksObt`, `created_at`, `cloId`) VALUES
('16sw78', 1, 43, '2018-06-06 01:55:27', 1),
('16sw78', 2, 44, '2018-06-06 01:55:27', 2),
('16sw78', 2, 39, '2018-06-06 01:55:27', 3),
('16sw78', 3, 43, '2018-06-06 01:55:27', 4),
('16sw78', 5, 45, '2018-06-06 01:55:27', 5),
('16sw78', 5, 38, '2018-06-06 01:55:27', 6),
('16sw78', 3, 61, '2018-06-06 01:55:27', 7),
('16sw78', 5, 34, '2018-06-06 01:55:27', 8),
('16sw78', 10, 36, '2018-06-06 01:55:27', 9),
('16sw78', 10, 52, '2018-06-06 01:55:27', 10),
('16sw78', 1, 36, '2018-06-06 01:55:27', 11),
('16sw78', 5, 36, '2018-06-06 01:55:27', 11),
('16sw78', 3, 53, '2018-06-06 02:03:46', 12),
('16sw78', 5, 45, '2018-06-06 02:03:46', 13),
('16sw78', 1, 47, '2018-06-06 02:03:46', 14),
('16sw78', 2, 47, '2018-06-06 02:03:46', 14),
('16sw78', 3, 45, '2018-06-06 02:03:46', 15),
('16sw78', 7, 45, '2018-06-06 02:03:46', 16),
('16sw78', 7, 26, '2018-06-06 02:03:46', 17),
('16sw78', 4, 60, '2018-06-06 02:03:46', 18),
('16sw78', 5, 45, '2018-06-06 02:03:46', 19),
('16sw78', 12, 37, '2018-06-06 02:03:46', 20),
('16sw78', 11, 55, '2018-06-06 02:03:46', 21),
('16sw78', 9, 55, '2018-06-06 02:03:46', 21),
('16sw78', 12, 44, '2018-06-06 02:13:52', 22),
('16sw78', 8, 45, '2018-06-06 02:13:52', 23),
('16sw78', 8, 43, '2018-06-06 02:13:52', 24),
('16sw78', 11, 48, '2018-06-06 02:13:52', 25),
('16sw78', 1, 32, '2018-06-06 02:13:52', 26),
('16sw78', 3, 61, '2018-06-06 02:13:52', 27),
('16sw78', 7, 35, '2018-06-06 02:13:52', 28),
('16sw78', 1, 34, '2018-06-06 02:13:52', 29),
('16sw78', 12, 54, '2018-06-06 02:13:52', 30),
('16sw78', 2, 29, '2018-06-06 02:13:52', 31),
('16sw78', 11, 62, '2018-06-06 02:13:52', 32),
('16sw78', 3, 21, '2018-06-06 02:13:52', 33),
('16sw78', 10, 67, '2018-06-06 02:22:27', 34),
('16sw78', 1, 36, '2018-06-06 02:22:27', 35),
('16sw78', 2, 71, '2018-06-06 02:22:27', 36),
('16sw78', 9, 27, '2018-06-06 02:22:27', 37),
('16sw78', 1, 26, '2018-06-06 02:22:27', 38),
('16sw78', 6, 50, '2018-06-06 02:22:27', 39),
('16sw78', 5, 55, '2018-06-06 02:22:27', 40),
('16sw78', 1, 37, '2018-06-06 02:22:27', 41),
('16sw78', 12, 52, '2018-06-06 02:22:27', 42),
('16sw78', 2, 15, '2018-06-06 02:22:27', 43),
('16sw78', 10, 79, '2018-06-06 02:22:27', 44),
('16sw78', 3, 36, '2018-06-06 02:22:27', 45),
('16sw78', 8, 48, '2018-06-06 02:38:19', 46),
('16sw78', 3, 45, '2018-06-06 02:38:19', 47),
('16sw78', 1, 46, '2018-06-06 02:38:19', 48),
('16sw78', 12, 44, '2018-06-06 02:38:19', 49),
('16sw78', 2, 38, '2018-06-06 02:38:19', 50),
('16sw78', 11, 57, '2018-06-06 02:38:19', 51),
('16sw78', 3, 42, '2018-06-06 02:38:19', 52),
('16sw78', 10, 35, '2018-06-06 02:38:19', 53),
('16sw78', 4, 55, '2018-06-06 02:38:19', 54),
('16sw78', 6, 43, '2018-06-06 02:38:19', 55),
('16sw78', 10, 42, '2018-06-06 02:38:19', 56),
('16sw78', 11, 50, '2018-06-06 02:38:19', 57),
('16sw78', 1, 27, '2018-06-06 02:38:19', 58),
('16sw78', 5, 53, '2018-06-06 02:38:19', 59),
('16sw78', 1, 53, '2018-06-06 02:38:19', 60),
('16sw78', 4, 47, '2018-06-06 02:38:19', 61),
('16sw78', 6, 27, '2018-06-06 02:38:19', 62),
('16sw78', 8, 63, '2018-06-06 02:38:19', 63),
('16sw78', 1, 42, '2018-06-06 02:38:19', 64),
('16sw78', 4, 43, '2018-06-06 02:38:19', 65),
('16sw78', 6, 43, '2018-06-06 02:38:58', 65),
('16sw78', 6, 46, '2018-06-06 03:01:26', 66),
('16sw78', 1, 43, '2018-06-06 03:01:26', 67),
('16sw78', 12, 46, '2018-06-06 03:01:26', 68),
('16sw78', 2, 15, '2018-06-06 03:01:26', 69),
('16sw78', 3, 54, '2018-06-06 03:01:26', 70),
('16sw78', 4, 44, '2018-06-06 03:01:26', 71),
('16sw78', 5, 48, '2018-06-06 03:01:26', 72),
('16sw78', 6, 34, '2018-06-06 03:01:26', 73),
('16sw78', 7, 44, '2018-06-06 03:01:26', 74),
('16sw78', 8, 22, '2018-06-06 03:01:26', 75),
('16sw78', 9, 27, '2018-06-06 03:01:26', 76),
('16sw78', 10, 14, '2018-06-06 03:01:26', 77),
('16sw78', 11, 36, '2018-06-06 03:01:26', 78),
('16sw78', 12, 19, '2018-06-06 03:01:26', 79),
('16sw78', 12, 57, '2018-06-06 03:01:26', 80),
('16sw78', 11, 46, '2018-06-06 03:01:26', 81),
('16sw78', 10, 44, '2018-06-06 03:01:26', 82),
('16sw78', 9, 49, '2018-06-06 03:01:26', 83),
('16sw78', 8, 46, '2018-06-06 03:01:26', 84),
('16sw78', 7, 45, '2018-06-06 03:01:26', 85),
('16sw78', 6, 45, '2018-06-06 16:43:16', 86),
('16sw78', 1, 48, '2018-06-06 16:43:16', 87),
('16sw78', 2, 42, '2018-06-06 16:43:16', 88),
('16sw78', 3, 44, '2018-06-06 16:43:16', 89),
('16sw78', 4, 47, '2018-06-06 16:43:16', 90),
('16sw78', 5, 47, '2018-06-06 16:43:16', 91),
('16sw78', 5, 47, '2018-06-06 16:43:16', 92),
('16sw78', 6, 45, '2018-06-06 16:43:16', 93),
('16sw78', 7, 49, '2018-06-06 16:43:16', 94),
('16sw78', 8, 48, '2018-06-06 16:43:16', 95),
('16sw78', 12, 8, '2018-06-06 16:43:16', 96),
('16sw78', 11, 110, '2018-06-06 16:43:16', 97),
('16sw78', 9, 110, '2018-06-06 16:43:16', 97),
('16sw78', 11, 35, '2018-06-06 16:43:16', 98),
('16sw78', 10, 28, '2018-06-06 16:43:16', 99);

-- --------------------------------------------------------

--
-- Table structure for table `subjectteacher`
--

CREATE TABLE `subjectteacher` (
  `staffId` varchar(11) NOT NULL,
  `courseCode` varchar(30) NOT NULL,
  `isTheory` tinyint(1) NOT NULL COMMENT '1 for theory 0 for not theory',
  `isPract` tinyint(1) NOT NULL COMMENT '1 for practical and 0 for not practical',
  `created_at` datetime NOT NULL DEFAULT CURRENT_TIMESTAMP
) ENGINE=InnoDB DEFAULT CHARSET=latin1;

-- --------------------------------------------------------

--
-- Table structure for table `subject_clo`
--

CREATE TABLE `subject_clo` (
  `noOfClo` tinyint(4) NOT NULL,
  `minCloId` int(11) NOT NULL,
  `maxCloID` int(11) NOT NULL,
  `courseCode` varchar(30) NOT NULL,
  `created_at` datetime NOT NULL DEFAULT CURRENT_TIMESTAMP
) ENGINE=InnoDB DEFAULT CHARSET=latin1;

--
-- Dumping data for table `subject_clo`
--

INSERT INTO `subject_clo` (`noOfClo`, `minCloId`, `maxCloID`, `courseCode`, `created_at`) VALUES
(2, 1, 2, 'sw01', '2018-05-10 00:51:42'),
(3, 3, 5, 'sw02', '2018-05-10 00:51:42'),
(3, 6, 8, 'sw03', '2018-05-10 00:51:42'),
(2, 9, 10, 'sw04', '2018-05-10 00:51:42'),
(3, 11, 13, 'sw05', '2018-05-10 00:51:42'),
(3, 14, 16, 'sw06', '2018-05-10 00:51:42'),
(3, 17, 19, 'sw07', '2018-05-10 00:51:42'),
(2, 20, 21, 'sw08', '2018-05-10 00:51:42'),
(1, 22, 22, 'sw09', '2018-05-10 00:51:42'),
(1, 23, 23, 'sw10', '2018-05-10 00:51:42'),
(1, 24, 24, 'sw11', '2018-05-10 00:51:42'),
(1, 25, 25, 'sw12', '2018-05-10 00:57:59'),
(3, 26, 28, 'sw13', '2018-05-10 00:57:59'),
(2, 29, 30, 'sw14', '2018-05-10 00:57:59'),
(2, 31, 32, 'sw15', '2018-05-10 00:57:59'),
(2, 33, 34, 'sw16', '2018-05-10 00:57:59'),
(3, 35, 37, 'sw17', '2018-05-10 00:57:59'),
(3, 38, 40, 'sw18', '2018-05-10 00:57:59'),
(2, 41, 42, 'sw19', '2018-05-10 00:57:59'),
(3, 43, 45, 'sw20', '2018-05-10 00:57:59'),
(2, 46, 47, 'sw21', '2018-05-10 00:57:59'),
(2, 48, 49, 'sw22', '2018-05-10 01:33:45'),
(3, 50, 52, 'sw23', '2018-05-10 01:33:45'),
(3, 53, 55, 'sw24', '2018-05-10 01:33:45'),
(2, 56, 57, 'sw25', '2018-05-10 01:33:45'),
(3, 58, 60, 'sw26', '2018-05-10 01:33:45'),
(3, 61, 63, 'sw27', '2018-05-10 01:33:45'),
(3, 64, 66, 'sw28', '2018-05-10 01:33:45'),
(2, 67, 68, 'sw29', '2018-05-10 01:33:45'),
(3, 69, 71, 'sw30', '2018-05-10 01:33:45'),
(1, 72, 72, 'sw31', '2018-05-10 01:33:45'),
(4, 73, 76, 'sw32', '2018-05-10 11:00:46'),
(4, 77, 80, 'sw33', '2018-05-10 11:00:46'),
(3, 81, 83, 'sw34', '2018-05-10 11:00:46'),
(3, 84, 86, 'sw35', '2018-05-10 11:00:46'),
(3, 87, 89, 'sw37', '2018-05-10 11:00:46'),
(3, 90, 92, 'sw38', '2018-05-10 11:00:46'),
(3, 93, 95, 'sw39', '2018-05-10 11:00:46'),
(4, 96, 99, 'sw40', '2018-05-10 11:00:46');

-- --------------------------------------------------------

--
-- Table structure for table `visits`
--

CREATE TABLE `visits` (
  `medium` tinyint(1) NOT NULL COMMENT '0 for smsService 1 for website 2 for MobileApp',
  `docType` tinyint(1) NOT NULL COMMENT '1 for degree 2 for passCertificate 3 for Transcript',
  `created_at` datetime NOT NULL DEFAULT CURRENT_TIMESTAMP,
  `srno` int(11) NOT NULL
) ENGINE=InnoDB DEFAULT CHARSET=latin1;

--
-- Dumping data for table `visits`
--

INSERT INTO `visits` (`medium`, `docType`, `created_at`, `srno`) VALUES
(2, 1, '2018-07-24 16:11:32', 5),
(2, 1, '2018-07-24 16:11:32', 6),
(2, 1, '2018-07-24 16:11:32', 7),
(2, 1, '2018-07-24 16:11:33', 8),
(2, 1, '2018-07-24 16:21:15', 9),
(2, 1, '2018-07-24 16:23:29', 10),
(2, 1, '2018-07-24 16:24:25', 11),
(1, 1, '2018-07-24 16:26:51', 12),
(1, 2, '2018-07-24 16:29:49', 13),
(1, 2, '2018-07-24 16:31:45', 14),
(1, 2, '2018-07-24 17:09:41', 15),
(1, 2, '2018-07-24 17:10:49', 16),
(1, 2, '2018-07-24 17:10:52', 17),
(1, 2, '2018-07-24 17:10:52', 18),
(1, 2, '2018-07-24 17:10:52', 19),
(1, 2, '2018-07-24 17:10:52', 20),
(1, 2, '2018-07-24 17:10:53', 21),
(1, 2, '2018-07-24 17:10:53', 22),
(1, 2, '2018-07-24 17:10:53', 23),
(1, 2, '2018-07-24 17:10:53', 24),
(1, 2, '2018-07-24 17:10:53', 25),
(1, 2, '2018-07-24 17:10:54', 26),
(1, 2, '2018-07-24 17:10:54', 27),
(1, 2, '2018-07-24 17:10:54', 28),
(1, 2, '2018-07-24 17:10:54', 29),
(1, 2, '2018-07-24 17:10:54', 30),
(1, 2, '2018-07-24 17:10:54', 31),
(1, 2, '2018-07-24 17:10:55', 32),
(1, 2, '2018-07-24 17:10:55', 33),
(1, 2, '2018-07-24 17:10:55', 34),
(1, 2, '2018-07-24 17:13:45', 35),
(1, 2, '2018-07-24 17:14:29', 36),
(1, 3, '2018-07-24 17:20:58', 37),
(1, 3, '2018-07-24 17:21:55', 38),
(1, 3, '2018-07-24 17:22:33', 39),
(1, 3, '2018-07-24 17:23:09', 40),
(1, 3, '2018-07-24 17:28:10', 41),
(1, 1, '2018-07-24 17:37:33', 42),
(1, 1, '2018-07-24 17:39:13', 43),
(1, 2, '2018-07-24 18:53:21', 44),
(1, 1, '2018-07-24 19:12:13', 45),
(1, 3, '2018-07-24 19:25:45', 46),
(1, 3, '2018-07-24 22:44:43', 47),
(1, 3, '2018-07-24 22:45:24', 48),
(1, 3, '2018-07-24 22:46:14', 49),
(1, 2, '2018-07-24 22:51:54', 50),
(1, 1, '2018-07-24 22:52:20', 51),
(1, 1, '2018-07-24 22:53:26', 52),
(1, 1, '2018-07-24 23:27:21', 53),
(1, 1, '2018-07-24 23:28:33', 54),
(1, 1, '2018-07-24 23:28:40', 55),
(1, 1, '2018-07-24 23:28:42', 56),
(1, 1, '2018-07-24 23:28:42', 57),
(1, 1, '2018-07-24 23:28:42', 58),
(1, 1, '2018-07-24 23:28:42', 59),
(1, 1, '2018-07-24 23:28:43', 60),
(1, 1, '2018-07-24 23:28:43', 61),
(1, 1, '2018-07-24 23:28:43', 62),
(1, 1, '2018-07-24 23:28:43', 63),
(1, 1, '2018-07-24 23:28:44', 64),
(1, 1, '2018-07-24 23:28:44', 65),
(1, 1, '2018-07-24 23:28:44', 66),
(1, 1, '2018-07-24 23:28:44', 67),
(1, 1, '2018-07-24 23:28:44', 68),
(1, 1, '2018-07-24 23:28:45', 69),
(1, 1, '2018-07-24 23:28:45', 70),
(1, 1, '2018-07-24 23:28:45', 71),
(1, 1, '2018-07-24 23:28:46', 72),
(1, 1, '2018-07-24 23:30:19', 73),
(1, 1, '2018-07-24 23:30:31', 74),
(1, 1, '2018-07-24 23:30:31', 75),
(1, 1, '2018-07-24 23:30:32', 76),
(1, 1, '2018-07-24 23:30:32', 77),
(1, 1, '2018-07-24 23:30:32', 78),
(1, 1, '2018-07-24 23:30:32', 79),
(1, 1, '2018-07-24 23:30:32', 80),
(1, 1, '2018-07-24 23:30:32', 81),
(1, 1, '2018-07-24 23:30:33', 82),
(1, 1, '2018-07-24 23:30:33', 83),
(1, 1, '2018-07-24 23:30:33', 84),
(1, 2, '2018-07-24 23:31:54', 85),
(1, 2, '2018-07-24 23:31:56', 86),
(1, 2, '2018-07-24 23:31:56', 87),
(1, 2, '2018-07-24 23:31:56', 88),
(1, 2, '2018-07-24 23:31:56', 89),
(1, 2, '2018-07-24 23:31:56', 90),
(1, 2, '2018-07-24 23:31:56', 91),
(1, 2, '2018-07-24 23:31:57', 92),
(1, 2, '2018-07-24 23:31:57', 93),
(1, 2, '2018-07-24 23:31:57', 94),
(1, 2, '2018-07-24 23:31:57', 95),
(1, 2, '2018-07-24 23:31:59', 96),
(1, 2, '2018-07-24 23:40:24', 97),
(1, 2, '2018-07-24 23:40:28', 98),
(1, 2, '2018-07-24 23:40:29', 99),
(1, 2, '2018-07-24 23:40:29', 100),
(1, 2, '2018-07-24 23:40:29', 101),
(1, 2, '2018-07-24 23:40:29', 102),
(1, 2, '2018-07-24 23:40:30', 103),
(1, 2, '2018-07-24 23:40:30', 104),
(1, 2, '2018-07-24 23:40:30', 105),
(1, 2, '2018-07-24 23:40:31', 106),
(1, 2, '2018-07-24 23:40:31', 107),
(1, 2, '2018-07-24 23:40:31', 108),
(1, 2, '2018-07-24 23:40:32', 109),
(1, 2, '2018-07-24 23:40:32', 110),
(1, 2, '2018-07-24 23:40:32', 111),
(1, 2, '2018-07-24 23:40:32', 112),
(1, 2, '2018-07-24 23:40:32', 113),
(1, 2, '2018-07-24 23:40:33', 114),
(1, 2, '2018-07-24 23:40:33', 115),
(1, 2, '2018-07-24 23:40:33', 116),
(1, 2, '2018-07-24 23:40:33', 117),
(1, 2, '2018-07-24 23:40:33', 118),
(1, 2, '2018-07-24 23:40:33', 119),
(1, 2, '2018-07-24 23:40:33', 120),
(1, 2, '2018-07-24 23:40:34', 121),
(1, 2, '2018-07-24 23:40:34', 122),
(1, 2, '2018-07-24 23:40:34', 123),
(1, 2, '2018-07-24 23:40:34', 124),
(1, 2, '2018-07-24 23:40:34', 125),
(1, 2, '2018-07-24 23:40:34', 126),
(1, 2, '2018-07-24 23:40:35', 127),
(1, 2, '2018-07-24 23:40:35', 128),
(1, 2, '2018-07-24 23:40:35', 129),
(1, 2, '2018-07-24 23:40:35', 130),
(1, 2, '2018-07-24 23:45:56', 131),
(1, 2, '2018-07-24 23:45:59', 132),
(1, 2, '2018-07-24 23:45:59', 133),
(1, 2, '2018-07-24 23:45:59', 134),
(1, 2, '2018-07-24 23:46:00', 135),
(1, 2, '2018-07-24 23:46:00', 136),
(1, 2, '2018-07-24 23:46:00', 137),
(1, 2, '2018-07-24 23:46:00', 138),
(1, 2, '2018-07-24 23:46:00', 139),
(1, 2, '2018-07-24 23:46:01', 140),
(1, 2, '2018-07-24 23:48:11', 141),
(1, 2, '2018-07-24 23:51:20', 142),
(1, 2, '2018-07-24 23:57:18', 143),
(1, 1, '2018-07-25 00:35:45', 144),
(1, 1, '2018-07-25 00:40:57', 145),
(1, 2, '2018-07-25 00:41:45', 146),
(1, 2, '2018-07-25 00:42:45', 147),
(1, 2, '2018-07-25 00:52:42', 148),
(1, 2, '2018-07-25 00:53:42', 149),
(1, 2, '2018-07-25 00:56:17', 150),
(1, 2, '2018-07-25 00:57:15', 151),
(1, 1, '2018-07-25 01:47:43', 152),
(1, 1, '2018-07-25 01:48:05', 153),
(1, 2, '2018-07-25 01:49:27', 154),
(1, 2, '2018-07-25 01:51:13', 155),
(1, 2, '2018-07-25 01:51:46', 156),
(1, 2, '2018-07-25 13:10:25', 157),
(1, 1, '2018-07-25 14:37:25', 158),
(1, 2, '2018-07-25 14:42:36', 159),
(1, 3, '2018-07-25 14:44:08', 160),
(1, 2, '2018-07-26 14:01:12', 161),
(1, 1, '2018-07-27 11:28:09', 162),
(1, 1, '2018-07-27 11:36:22', 163),
(1, 2, '2018-07-27 11:37:01', 164),
(1, 3, '2018-07-27 11:37:32', 165),
(1, 3, '2018-07-27 12:08:26', 166),
(1, 1, '2018-07-27 12:09:00', 167),
(1, 1, '2018-07-28 16:17:17', 168),
(1, 1, '2018-07-28 16:19:13', 169),
(1, 3, '2018-07-28 16:35:37', 170),
(1, 1, '2018-07-28 16:35:56', 171),
(1, 3, '2018-07-28 16:37:14', 172),
(1, 3, '2018-07-28 16:37:22', 173),
(1, 1, '2018-07-28 16:38:05', 174),
(1, 2, '2018-07-28 16:40:00', 175),
(1, 2, '2018-07-28 16:40:30', 176),
(1, 2, '2018-07-28 16:41:01', 177),
(1, 2, '2018-07-28 16:41:14', 178),
(1, 1, '2018-07-28 16:41:22', 179),
(1, 1, '2018-07-28 16:41:34', 180),
(1, 1, '2018-07-28 16:43:37', 181),
(1, 1, '2018-07-28 16:45:03', 182),
(1, 1, '2018-07-28 16:45:58', 183),
(1, 1, '2018-07-28 16:47:38', 184),
(1, 2, '2018-07-28 16:48:01', 185),
(1, 2, '2018-07-28 16:50:36', 186),
(1, 2, '2018-07-28 16:51:02', 187),
(1, 2, '2018-07-28 16:51:43', 188),
(1, 2, '2018-07-28 16:57:30', 189),
(1, 1, '2018-07-28 16:57:56', 190),
(1, 1, '2018-07-28 17:01:54', 191),
(1, 1, '2018-07-28 17:02:30', 192),
(1, 2, '2018-07-28 17:02:40', 193),
(1, 2, '2018-07-28 17:03:46', 194),
(1, 2, '2018-07-28 17:03:47', 195),
(1, 2, '2018-07-28 17:03:47', 196),
(1, 2, '2018-07-28 17:03:48', 197),
(1, 2, '2018-07-28 17:03:48', 198),
(1, 2, '2018-07-28 17:03:49', 199),
(1, 2, '2018-07-28 17:03:49', 200),
(1, 2, '2018-07-28 17:03:49', 201),
(1, 2, '2018-07-28 17:03:50', 202),
(1, 2, '2018-07-28 17:03:50', 203),
(1, 2, '2018-07-28 17:03:50', 204),
(1, 2, '2018-07-28 17:03:51', 205),
(1, 2, '2018-07-28 17:03:51', 206),
(1, 2, '2018-07-28 17:03:53', 207),
(1, 2, '2018-07-28 17:04:28', 208),
(1, 3, '2018-07-28 17:34:25', 209),
(1, 3, '2018-07-28 17:34:38', 210),
(1, 3, '2018-07-28 17:34:39', 211),
(1, 3, '2018-07-28 17:34:39', 212),
(1, 1, '2018-07-28 17:48:26', 213),
(1, 1, '2018-07-28 17:48:39', 214),
(1, 2, '2018-07-28 17:53:19', 215),
(1, 3, '2018-07-28 18:02:48', 216),
(1, 3, '2018-07-28 18:03:03', 217),
(1, 3, '2018-07-28 18:03:03', 218),
(1, 3, '2018-07-28 18:03:03', 219),
(1, 1, '2018-07-28 18:03:59', 220),
(1, 3, '2018-07-28 18:11:08', 221),
(1, 3, '2018-07-28 18:11:16', 222),
(1, 3, '2018-07-28 18:11:19', 223),
(1, 3, '2018-07-28 18:11:20', 224),
(1, 3, '2018-07-28 18:11:20', 225),
(1, 1, '2018-07-28 18:12:09', 226),
(1, 1, '2018-07-28 18:12:12', 227),
(1, 1, '2018-07-28 18:12:13', 228),
(1, 1, '2018-07-28 18:12:45', 229),
(1, 1, '2018-07-28 18:12:47', 230),
(1, 1, '2018-07-28 18:12:47', 231),
(1, 2, '2018-07-28 18:12:56', 232),
(1, 2, '2018-07-28 18:13:02', 233),
(1, 2, '2018-07-28 18:13:02', 234),
(1, 1, '2018-07-28 18:30:27', 235),
(1, 1, '2018-07-28 18:31:11', 236),
(1, 1, '2018-07-28 18:31:11', 237),
(1, 2, '2018-07-28 18:31:26', 238),
(1, 1, '2018-07-28 18:32:24', 239),
(1, 2, '2018-07-28 18:33:18', 240),
(1, 1, '2018-07-28 18:34:20', 241),
(1, 1, '2018-07-28 18:35:13', 242),
(1, 3, '2018-07-28 18:35:28', 243),
(1, 2, '2018-07-28 18:35:45', 244),
(1, 2, '2018-07-28 18:37:43', 245),
(1, 1, '2018-07-28 18:37:58', 246),
(1, 3, '2018-07-28 18:38:11', 247),
(1, 3, '2018-07-28 18:38:31', 248),
(1, 3, '2018-07-28 18:38:34', 249),
(1, 3, '2018-07-28 18:38:36', 250),
(1, 3, '2018-07-28 18:38:38', 251),
(1, 3, '2018-07-28 18:38:40', 252),
(1, 3, '2018-07-28 18:38:40', 253),
(1, 2, '2018-07-28 18:41:27', 254),
(1, 3, '2018-07-28 20:00:56', 255),
(1, 3, '2018-07-28 20:01:32', 256),
(1, 1, '2018-07-28 20:01:43', 257),
(1, 2, '2018-07-28 20:01:57', 258),
(1, 3, '2018-07-28 20:02:15', 259),
(1, 1, '2018-07-28 20:02:29', 260),
(1, 1, '2018-07-28 20:03:17', 261),
(1, 2, '2018-07-28 20:07:39', 262),
(1, 1, '2018-07-28 20:07:58', 263),
(1, 2, '2018-07-28 20:08:09', 264),
(1, 3, '2018-07-28 20:08:28', 265),
(1, 3, '2018-07-28 20:10:16', 266),
(1, 3, '2018-07-28 20:11:02', 267),
(1, 1, '2018-07-28 20:11:20', 268),
(1, 1, '2018-07-28 20:11:29', 269),
(1, 1, '2018-07-28 20:13:48', 270),
(1, 1, '2018-07-28 20:15:07', 271),
(1, 1, '2018-07-28 20:15:40', 272),
(1, 1, '2018-07-28 20:16:32', 273),
(1, 1, '2018-07-28 20:17:12', 274),
(1, 3, '2018-07-28 20:21:32', 275),
(1, 1, '2018-07-28 20:26:02', 276),
(1, 1, '2018-07-28 20:27:08', 277),
(1, 1, '2018-07-28 20:27:38', 278),
(1, 1, '2018-07-28 20:28:15', 279),
(1, 1, '2018-07-28 20:28:47', 280),
(1, 1, '2018-07-28 20:29:12', 281),
(1, 2, '2018-07-28 20:29:48', 282),
(1, 1, '2018-07-28 20:31:57', 283),
(1, 1, '2018-07-28 20:32:12', 284),
(1, 1, '2018-07-28 20:32:52', 285),
(1, 1, '2018-07-28 20:33:16', 286),
(1, 1, '2018-07-28 20:33:34', 287),
(1, 1, '2018-07-28 20:34:01', 288),
(1, 1, '2018-07-28 20:34:20', 289),
(1, 1, '2018-07-28 20:34:46', 290),
(1, 1, '2018-07-28 20:35:27', 291),
(1, 1, '2018-07-28 20:36:33', 292),
(1, 1, '2018-07-28 20:41:07', 293),
(1, 1, '2018-07-28 20:41:37', 294),
(1, 1, '2018-07-28 20:43:38', 295),
(1, 1, '2018-07-28 20:44:02', 296),
(1, 1, '2018-07-28 20:44:46', 297),
(1, 1, '2018-07-28 20:45:19', 298),
(1, 1, '2018-07-28 20:45:55', 299),
(1, 1, '2018-07-28 20:47:48', 300),
(1, 1, '2018-07-28 20:49:22', 301),
(1, 1, '2018-07-28 20:49:34', 302),
(1, 1, '2018-07-28 20:50:39', 303),
(1, 1, '2018-07-28 20:50:55', 304),
(1, 1, '2018-07-28 20:51:58', 305),
(1, 1, '2018-07-28 20:52:27', 306),
(1, 1, '2018-07-28 20:54:02', 307),
(1, 1, '2018-07-28 20:57:38', 308),
(1, 1, '2018-07-28 20:58:02', 309),
(1, 2, '2018-07-28 20:58:32', 310),
(1, 1, '2018-07-28 21:02:02', 311),
(1, 1, '2018-07-28 21:02:19', 312),
(1, 1, '2018-07-28 21:03:12', 313),
(1, 1, '2018-07-28 21:03:42', 314),
(1, 1, '2018-07-28 21:04:10', 315),
(1, 1, '2018-07-28 21:04:28', 316),
(1, 1, '2018-07-28 21:04:47', 317),
(1, 1, '2018-07-28 21:05:03', 318),
(1, 1, '2018-07-28 21:05:24', 319),
(1, 1, '2018-07-28 21:05:53', 320),
(1, 1, '2018-07-28 21:06:38', 321),
(1, 1, '2018-07-28 21:07:27', 322),
(1, 1, '2018-07-28 21:08:04', 323),
(1, 1, '2018-07-28 21:08:43', 324),
(1, 1, '2018-07-28 21:09:00', 325),
(1, 1, '2018-07-28 21:09:26', 326),
(1, 1, '2018-07-28 21:12:58', 327),
(1, 1, '2018-07-28 21:15:30', 328),
(1, 1, '2018-07-28 21:15:48', 329),
(1, 1, '2018-07-28 21:16:22', 330),
(1, 2, '2018-07-28 21:16:53', 331),
(1, 2, '2018-07-28 21:18:09', 332),
(1, 2, '2018-07-28 21:18:57', 333),
(1, 2, '2018-07-28 21:19:48', 334),
(1, 2, '2018-07-28 21:21:01', 335),
(1, 2, '2018-07-28 21:22:16', 336),
(1, 1, '2018-07-28 21:28:13', 337),
(1, 1, '2018-07-28 21:29:09', 338),
(1, 1, '2018-07-28 21:30:07', 339),
(1, 1, '2018-07-28 21:31:27', 340),
(1, 1, '2018-07-28 21:32:00', 341),
(1, 1, '2018-07-28 21:32:38', 342),
(1, 1, '2018-07-28 21:32:59', 343),
(1, 1, '2018-07-28 21:33:22', 344),
(1, 2, '2018-07-28 21:35:43', 345),
(1, 3, '2018-07-28 21:37:24', 346),
(1, 3, '2018-07-28 21:40:11', 347),
(1, 3, '2018-07-28 21:44:40', 348),
(1, 3, '2018-07-28 21:44:43', 349),
(1, 3, '2018-07-28 21:44:43', 350),
(1, 3, '2018-07-28 21:44:44', 351),
(1, 3, '2018-07-28 21:44:45', 352),
(1, 3, '2018-07-28 21:44:46', 353),
(1, 3, '2018-07-28 21:44:47', 354),
(1, 3, '2018-07-28 21:44:48', 355),
(1, 3, '2018-07-28 21:44:49', 356),
(1, 3, '2018-07-28 21:44:50', 357),
(1, 3, '2018-07-28 21:44:50', 358),
(1, 3, '2018-07-28 21:44:51', 359),
(1, 3, '2018-07-28 21:44:52', 360),
(1, 3, '2018-07-28 21:44:53', 361),
(1, 1, '2018-07-28 21:45:04', 362),
(1, 1, '2018-07-28 21:45:08', 363),
(1, 1, '2018-07-28 21:45:09', 364),
(1, 1, '2018-07-28 21:45:09', 365),
(1, 1, '2018-07-28 21:45:10', 366),
(1, 1, '2018-07-28 21:45:12', 367),
(1, 1, '2018-07-28 21:45:13', 368),
(1, 3, '2018-07-28 21:47:52', 369),
(1, 3, '2018-07-28 21:47:56', 370),
(1, 3, '2018-07-28 21:47:56', 371),
(1, 1, '2018-07-28 21:48:13', 372),
(1, 1, '2018-07-28 21:48:13', 373),
(1, 3, '2018-07-28 21:49:44', 374),
(1, 3, '2018-07-28 21:49:44', 375),
(1, 2, '2018-07-28 21:50:33', 376),
(1, 2, '2018-07-28 21:50:33', 377),
(1, 3, '2018-07-28 21:51:36', 378),
(1, 3, '2018-07-28 21:51:36', 379),
(1, 1, '2018-07-28 21:52:01', 380),
(1, 1, '2018-07-28 21:52:01', 381),
(1, 3, '2018-07-28 21:54:49', 382),
(1, 3, '2018-07-28 21:54:49', 383),
(1, 3, '2018-07-28 21:56:05', 384),
(1, 3, '2018-07-28 21:57:48', 385),
(1, 3, '2018-07-28 21:57:59', 386),
(1, 3, '2018-07-28 21:58:18', 387),
(1, 3, '2018-07-28 21:58:22', 388),
(1, 3, '2018-07-28 21:58:51', 389),
(1, 1, '2018-07-28 22:04:24', 390),
(1, 1, '2018-07-28 22:04:34', 391),
(1, 1, '2018-07-28 22:04:51', 392),
(1, 1, '2018-07-28 22:05:04', 393),
(1, 1, '2018-07-28 22:07:20', 394),
(1, 1, '2018-07-28 22:08:29', 395),
(1, 1, '2018-07-28 22:09:13', 396),
(1, 1, '2018-07-28 22:12:23', 397),
(1, 1, '2018-07-28 22:13:25', 398),
(1, 1, '2018-07-28 22:13:43', 399),
(1, 1, '2018-07-28 22:14:08', 400),
(1, 1, '2018-07-28 22:14:24', 401),
(1, 1, '2018-07-28 22:14:29', 402),
(1, 1, '2018-07-28 22:14:34', 403),
(1, 1, '2018-07-28 22:19:22', 404),
(1, 1, '2018-07-28 22:19:50', 405),
(1, 1, '2018-07-28 22:20:26', 406),
(1, 1, '2018-07-28 22:20:48', 407),
(1, 1, '2018-07-28 22:20:58', 408),
(1, 1, '2018-07-28 22:22:10', 409),
(1, 1, '2018-07-28 22:22:38', 410),
(1, 1, '2018-07-28 22:23:01', 411),
(1, 1, '2018-07-28 22:24:30', 412),
(1, 1, '2018-07-28 22:27:16', 413),
(1, 1, '2018-07-28 22:27:25', 414),
(1, 1, '2018-07-28 22:27:43', 415),
(1, 1, '2018-07-28 22:34:33', 416),
(1, 1, '2018-07-28 22:35:23', 417),
(1, 1, '2018-07-28 22:36:09', 418),
(1, 1, '2018-07-28 22:36:49', 419),
(1, 1, '2018-07-28 22:36:56', 420),
(1, 1, '2018-07-29 12:59:02', 421),
(1, 1, '2018-07-29 12:59:50', 422),
(2, 1, '2018-08-02 22:04:51', 423),
(2, 1, '2018-08-02 22:05:40', 424),
(2, 1, '2018-08-02 22:14:34', 425),
(2, 1, '2018-08-02 22:35:34', 426),
(2, 1, '2018-08-02 22:36:31', 427),
(2, 1, '2018-08-02 23:24:36', 428),
(2, 1, '2018-08-02 23:25:00', 429),
(2, 1, '2018-08-02 23:25:03', 430),
(2, 1, '2018-08-02 23:25:22', 431),
(2, 1, '2018-08-02 23:25:26', 432),
(2, 2, '2018-08-02 23:27:19', 433),
(2, 1, '2018-08-02 23:29:22', 434),
(2, 1, '2018-08-02 23:29:32', 435),
(2, 1, '2018-08-02 23:29:33', 436),
(2, 1, '2018-08-02 23:30:04', 437),
(2, 1, '2018-08-02 23:30:07', 438),
(2, 1, '2018-08-02 23:30:10', 439),
(2, 1, '2018-08-02 23:30:14', 440),
(2, 1, '2018-08-03 00:07:05', 441),
(1, 1, '2018-08-04 17:28:17', 442),
(1, 2, '2018-08-04 17:31:46', 443),
(1, 2, '2018-08-04 17:35:39', 444),
(2, 1, '2018-08-04 19:46:50', 445),
(1, 1, '2018-08-04 20:42:02', 446),
(2, 1, '2018-08-04 20:51:41', 447),
(2, 1, '2018-08-04 20:51:53', 448),
(2, 1, '2018-08-04 20:52:11', 449),
(2, 1, '2018-08-04 20:53:18', 450),
(2, 1, '2018-08-04 21:24:13', 451),
(2, 1, '2018-08-04 21:24:55', 452),
(2, 1, '2018-08-04 21:42:24', 453),
(2, 1, '2018-08-04 21:42:28', 454),
(2, 1, '2018-08-04 21:43:25', 455),
(2, 1, '2018-08-04 21:48:11', 456),
(2, 1, '2018-08-04 21:48:27', 457),
(2, 1, '2018-08-04 21:48:28', 458),
(2, 1, '2018-08-04 21:48:28', 459),
(2, 1, '2018-08-04 21:48:28', 460),
(2, 1, '2018-08-04 21:48:29', 461),
(2, 1, '2018-08-04 21:48:29', 462),
(2, 1, '2018-08-04 21:48:29', 463),
(2, 1, '2018-08-04 21:49:12', 464),
(2, 1, '2018-08-04 21:49:12', 465),
(2, 1, '2018-08-04 21:49:13', 466),
(2, 1, '2018-08-04 21:49:13', 467),
(2, 1, '2018-08-04 21:53:34', 468),
(2, 1, '2018-08-04 21:59:49', 469),
(2, 1, '2018-08-04 21:59:50', 470),
(2, 1, '2018-08-04 22:01:10', 471),
(2, 1, '2018-08-04 22:03:53', 472),
(2, 1, '2018-08-04 22:13:01', 473),
(2, 1, '2018-08-04 22:13:02', 474),
(2, 1, '2018-08-04 22:13:04', 475),
(2, 1, '2018-08-04 22:13:05', 476),
(2, 1, '2018-08-04 22:17:09', 477),
(2, 1, '2018-08-04 22:37:09', 478),
(2, 1, '2018-08-04 22:37:16', 479),
(2, 1, '2018-08-04 22:38:30', 480),
(2, 1, '2018-08-04 23:00:18', 481),
(2, 1, '2018-08-04 23:23:23', 482),
(2, 1, '2018-08-04 23:37:18', 483),
(2, 1, '2018-08-04 23:37:22', 484),
(2, 1, '2018-08-04 23:37:23', 485),
(2, 1, '2018-08-04 23:37:23', 486),
(2, 1, '2018-08-04 23:37:24', 487),
(2, 1, '2018-08-04 23:37:24', 488),
(2, 1, '2018-08-04 23:37:24', 489),
(2, 1, '2018-08-04 23:37:25', 490),
(2, 1, '2018-08-04 23:37:25', 491),
(2, 1, '2018-08-04 23:37:25', 492),
(2, 1, '2018-08-04 23:37:25', 493),
(2, 1, '2018-08-04 23:37:25', 494),
(2, 1, '2018-08-04 23:38:41', 495),
(2, 1, '2018-08-04 23:41:09', 496),
(2, 1, '2018-08-04 23:43:49', 497),
(2, 1, '2018-08-04 23:43:56', 498),
(2, 1, '2018-08-04 23:46:56', 499),
(2, 1, '2018-08-04 23:47:37', 500),
(2, 1, '2018-08-04 23:53:03', 501),
(2, 1, '2018-08-04 23:53:13', 502),
(2, 1, '2018-08-04 23:54:35', 503),
(2, 1, '2018-08-04 23:58:41', 504),
(2, 1, '2018-08-04 23:59:25', 505),
(2, 1, '2018-08-05 00:00:31', 506),
(2, 1, '2018-08-05 00:01:12', 507),
(2, 1, '2018-08-05 00:01:20', 508),
(2, 1, '2018-08-05 00:03:19', 509),
(2, 1, '2018-08-05 00:04:10', 510),
(2, 1, '2018-08-05 00:09:34', 511),
(2, 2, '2018-08-05 00:29:03', 512),
(2, 1, '2018-08-05 00:52:05', 513),
(2, 1, '2018-08-05 01:13:10', 514),
(2, 1, '2018-08-05 04:57:10', 515),
(2, 1, '2018-08-05 05:02:47', 516),
(2, 1, '2018-08-05 05:12:34', 517),
(2, 1, '2018-08-05 05:14:04', 518),
(1, 1, '2018-08-05 14:18:12', 519),
(1, 3, '2018-08-05 14:34:28', 520),
(2, 1, '2018-08-05 23:11:59', 521),
(1, 2, '2018-08-05 23:16:10', 522),
(1, 1, '2018-08-05 23:17:08', 523),
(1, 1, '2018-08-05 23:17:18', 524),
(1, 2, '2018-08-05 23:17:54', 525),
(1, 3, '2018-08-05 23:18:22', 526),
(1, 3, '2018-08-05 23:18:27', 527),
(1, 3, '2018-08-05 23:34:41', 528),
(2, 3, '2018-08-05 23:37:53', 529),
(2, 3, '2018-08-05 23:37:59', 530),
(2, 3, '2018-08-05 23:38:04', 531),
(2, 3, '2018-08-05 23:38:17', 532),
(2, 3, '2018-08-05 23:38:30', 533),
(2, 3, '2018-08-05 23:39:19', 534),
(2, 1, '2018-08-05 23:44:54', 535),
(2, 2, '2018-08-05 23:45:19', 536),
(2, 1, '2018-08-05 23:45:28', 537),
(1, 1, '2018-08-06 09:30:57', 538),
(1, 1, '2018-08-06 09:31:17', 539),
(1, 2, '2018-08-06 09:32:00', 540),
(1, 2, '2018-08-06 09:32:09', 541),
(2, 1, '2018-08-07 09:04:38', 542),
(2, 2, '2018-08-07 09:05:58', 543),
(2, 3, '2018-08-07 09:09:27', 544),
(2, 1, '2018-08-07 09:09:50', 545),
(2, 2, '2018-08-07 09:10:04', 546),
(2, 3, '2018-08-07 09:10:56', 547),
(2, 1, '2018-08-07 09:11:12', 548),
(2, 2, '2018-08-07 09:11:41', 549),
(2, 3, '2018-08-07 09:30:12', 550),
(2, 3, '2018-08-07 11:31:40', 551),
(2, 3, '2018-08-10 11:05:31', 552),
(2, 1, '2018-08-10 11:05:53', 553),
(2, 2, '2018-08-10 11:06:13', 554),
(2, 2, '2018-08-10 11:19:37', 555),
(2, 1, '2018-08-10 11:21:45', 556),
(2, 1, '2018-08-10 11:33:27', 557),
(2, 1, '2018-08-10 11:33:42', 558),
(2, 1, '2018-08-10 11:33:51', 559),
(2, 1, '2018-08-10 11:34:31', 560),
(1, 1, '2018-08-19 23:43:22', 561),
(1, 2, '2018-08-19 23:43:49', 562),
(1, 3, '2018-08-19 23:44:11', 563),
(1, 1, '2018-09-30 18:23:39', 564),
(1, 1, '2018-09-30 18:23:58', 565);

--
-- Indexes for dumped tables
--

--
-- Indexes for table `assesment_method`
--
ALTER TABLE `assesment_method`
  ADD PRIMARY KEY (`id`);

--
-- Indexes for table `batch`
--
ALTER TABLE `batch`
  ADD PRIMARY KEY (`batch`);

--
-- Indexes for table `books`
--
ALTER TABLE `books`
  ADD PRIMARY KEY (`ISBN`),
  ADD KEY `deptId` (`deptId`);

--
-- Indexes for table `campus`
--
ALTER TABLE `campus`
  ADD PRIMARY KEY (`id`);

--
-- Indexes for table `category`
--
ALTER TABLE `category`
  ADD PRIMARY KEY (`id`);

--
-- Indexes for table `challan`
--
ALTER TABLE `challan`
  ADD PRIMARY KEY (`id`),
  ADD KEY `rollNo` (`rollNo`);

--
-- Indexes for table `clo`
--
ALTER TABLE `clo`
  ADD PRIMARY KEY (`id`);

--
-- Indexes for table `clo_assesment`
--
ALTER TABLE `clo_assesment`
  ADD KEY `CloID` (`cloId`),
  ADD KEY `AssesID` (`assesId`);

--
-- Indexes for table `clo_improvement`
--
ALTER TABLE `clo_improvement`
  ADD KEY `cloId` (`cloId`),
  ADD KEY `assesId` (`assesId`),
  ADD KEY `rollNo` (`rollNo`);

--
-- Indexes for table `clo_levels`
--
ALTER TABLE `clo_levels`
  ADD KEY `CloID` (`cloId`),
  ADD KEY `LevelID` (`levelId`);

--
-- Indexes for table `clo_plo`
--
ALTER TABLE `clo_plo`
  ADD KEY `CloID` (`cloId`),
  ADD KEY `PloID` (`ploId`);

--
-- Indexes for table `courses`
--
ALTER TABLE `courses`
  ADD PRIMARY KEY (`courseCode`),
  ADD KEY `deptId` (`deptId`);

--
-- Indexes for table `credit_mode`
--
ALTER TABLE `credit_mode`
  ADD PRIMARY KEY (`srno`),
  ADD KEY `courseCode` (`courseCode`);

--
-- Indexes for table `crud`
--
ALTER TABLE `crud`
  ADD PRIMARY KEY (`srno`),
  ADD KEY `staffId` (`staffId`);

--
-- Indexes for table `customer`
--
ALTER TABLE `customer`
  ADD PRIMARY KEY (`rollNo`);

--
-- Indexes for table `dept`
--
ALTER TABLE `dept`
  ADD PRIMARY KEY (`id`),
  ADD UNIQUE KEY `name` (`name`),
  ADD KEY `facultyId` (`facultyId`);

--
-- Indexes for table `documents`
--
ALTER TABLE `documents`
  ADD PRIMARY KEY (`srno`),
  ADD KEY `rollNo` (`rollNo`);

--
-- Indexes for table `document_type`
--
ALTER TABLE `document_type`
  ADD PRIMARY KEY (`id`);

--
-- Indexes for table `domain`
--
ALTER TABLE `domain`
  ADD PRIMARY KEY (`id`);

--
-- Indexes for table `edusystem`
--
ALTER TABLE `edusystem`
  ADD PRIMARY KEY (`id`),
  ADD KEY `fromBatch` (`fromBatch`);

--
-- Indexes for table `empaccountsinfo`
--
ALTER TABLE `empaccountsinfo`
  ADD PRIMARY KEY (`srno`),
  ADD KEY `role_idx` (`role`),
  ADD KEY `staff_fk_emp` (`staffid`);

--
-- Indexes for table `faculty`
--
ALTER TABLE `faculty`
  ADD PRIMARY KEY (`id`),
  ADD UNIQUE KEY `name` (`name`),
  ADD KEY `campusId` (`campusId`);

--
-- Indexes for table `gradingmarks`
--
ALTER TABLE `gradingmarks`
  ADD KEY `gradeId` (`gradeId`),
  ADD KEY `systemId` (`systemId`);

--
-- Indexes for table `gradingpoint`
--
ALTER TABLE `gradingpoint`
  ADD PRIMARY KEY (`id`);

--
-- Indexes for table `issue_book`
--
ALTER TABLE `issue_book`
  ADD KEY `rollNo` (`rollNo`),
  ADD KEY `ISBN` (`ISBN`);

--
-- Indexes for table `levels`
--
ALTER TABLE `levels`
  ADD PRIMARY KEY (`id`),
  ADD KEY `DomainID` (`domainId`);

--
-- Indexes for table `memos`
--
ALTER TABLE `memos`
  ADD KEY `staffId` (`staffId`);

--
-- Indexes for table `notification`
--
ALTER TABLE `notification`
  ADD PRIMARY KEY (`srno`),
  ADD KEY `id_fk_empaccountsinfo` (`staffid`);

--
-- Indexes for table `peo`
--
ALTER TABLE `peo`
  ADD PRIMARY KEY (`id`),
  ADD KEY `deptId` (`deptId`);

--
-- Indexes for table `peo_plo`
--
ALTER TABLE `peo_plo`
  ADD KEY `id` (`id`),
  ADD KEY `ploId` (`ploId`);

--
-- Indexes for table `plo`
--
ALTER TABLE `plo`
  ADD PRIMARY KEY (`id`);

--
-- Indexes for table `practicals`
--
ALTER TABLE `practicals`
  ADD KEY `courseCode` (`courseCode`);

--
-- Indexes for table `price_details`
--
ALTER TABLE `price_details`
  ADD KEY `CategoryID` (`categoryId`);

--
-- Indexes for table `privilege`
--
ALTER TABLE `privilege`
  ADD PRIMARY KEY (`id`);

--
-- Indexes for table `product`
--
ALTER TABLE `product`
  ADD PRIMARY KEY (`id`),
  ADD KEY `CategoryID` (`categoryId`),
  ADD KEY `deptId` (`deptId`);

--
-- Indexes for table `return_book`
--
ALTER TABLE `return_book`
  ADD KEY `rollNo` (`rollNo`),
  ADD KEY `ISBN` (`ISBN`);

--
-- Indexes for table `role`
--
ALTER TABLE `role`
  ADD PRIMARY KEY (`id`);

--
-- Indexes for table `role_prev`
--
ALTER TABLE `role_prev`
  ADD PRIMARY KEY (`sr`),
  ADD KEY `prevId` (`prevId`),
  ADD KEY `role_id_idx` (`id`);

--
-- Indexes for table `staff`
--
ALTER TABLE `staff`
  ADD PRIMARY KEY (`id`),
  ADD KEY `deptId` (`deptId`);

--
-- Indexes for table `stdedustatus`
--
ALTER TABLE `stdedustatus`
  ADD PRIMARY KEY (`srno`),
  ADD KEY `rollNo` (`rollNo`);

--
-- Indexes for table `stdexaminfo`
--
ALTER TABLE `stdexaminfo`
  ADD PRIMARY KEY (`srno`),
  ADD KEY `rollNo` (`rollNo`),
  ADD KEY `courseCode` (`courseId`);

--
-- Indexes for table `stdinfo`
--
ALTER TABLE `stdinfo`
  ADD PRIMARY KEY (`rollNo`),
  ADD UNIQUE KEY `email` (`email`),
  ADD KEY `deptId` (`deptId`);

--
-- Indexes for table `std_clo`
--
ALTER TABLE `std_clo`
  ADD KEY `cloId` (`cloId`),
  ADD KEY `assesId` (`assesId`),
  ADD KEY `rollNo` (`rollNo`);

--
-- Indexes for table `std_plo`
--
ALTER TABLE `std_plo`
  ADD KEY `ploId` (`ploId`),
  ADD KEY `rollNo` (`rollNo`),
  ADD KEY `cloId` (`cloId`);

--
-- Indexes for table `subjectteacher`
--
ALTER TABLE `subjectteacher`
  ADD KEY `staffId` (`staffId`),
  ADD KEY `courseCode` (`courseCode`);

--
-- Indexes for table `subject_clo`
--
ALTER TABLE `subject_clo`
  ADD UNIQUE KEY `MincloID` (`minCloId`),
  ADD UNIQUE KEY `MaxcloID` (`maxCloID`),
  ADD KEY `courseCode` (`courseCode`);

--
-- Indexes for table `visits`
--
ALTER TABLE `visits`
  ADD PRIMARY KEY (`srno`);

--
-- AUTO_INCREMENT for dumped tables
--

--
-- AUTO_INCREMENT for table `assesment_method`
--
ALTER TABLE `assesment_method`
  MODIFY `id` int(11) NOT NULL AUTO_INCREMENT, AUTO_INCREMENT=17;

--
-- AUTO_INCREMENT for table `campus`
--
ALTER TABLE `campus`
  MODIFY `id` int(11) NOT NULL AUTO_INCREMENT, AUTO_INCREMENT=3;

--
-- AUTO_INCREMENT for table `category`
--
ALTER TABLE `category`
  MODIFY `id` int(10) NOT NULL AUTO_INCREMENT;

--
-- AUTO_INCREMENT for table `challan`
--
ALTER TABLE `challan`
  MODIFY `id` int(11) NOT NULL AUTO_INCREMENT;

--
-- AUTO_INCREMENT for table `credit_mode`
--
ALTER TABLE `credit_mode`
  MODIFY `srno` int(11) NOT NULL AUTO_INCREMENT, AUTO_INCREMENT=80;

--
-- AUTO_INCREMENT for table `crud`
--
ALTER TABLE `crud`
  MODIFY `srno` int(11) NOT NULL AUTO_INCREMENT, AUTO_INCREMENT=24;

--
-- AUTO_INCREMENT for table `dept`
--
ALTER TABLE `dept`
  MODIFY `id` int(11) NOT NULL AUTO_INCREMENT, AUTO_INCREMENT=20;

--
-- AUTO_INCREMENT for table `documents`
--
ALTER TABLE `documents`
  MODIFY `srno` int(11) NOT NULL AUTO_INCREMENT, AUTO_INCREMENT=9;

--
-- AUTO_INCREMENT for table `document_type`
--
ALTER TABLE `document_type`
  MODIFY `id` int(11) NOT NULL AUTO_INCREMENT;

--
-- AUTO_INCREMENT for table `domain`
--
ALTER TABLE `domain`
  MODIFY `id` int(11) NOT NULL AUTO_INCREMENT, AUTO_INCREMENT=4;

--
-- AUTO_INCREMENT for table `edusystem`
--
ALTER TABLE `edusystem`
  MODIFY `id` int(11) NOT NULL AUTO_INCREMENT, AUTO_INCREMENT=7;

--
-- AUTO_INCREMENT for table `empaccountsinfo`
--
ALTER TABLE `empaccountsinfo`
  MODIFY `srno` int(11) NOT NULL AUTO_INCREMENT, AUTO_INCREMENT=27;

--
-- AUTO_INCREMENT for table `faculty`
--
ALTER TABLE `faculty`
  MODIFY `id` int(11) NOT NULL AUTO_INCREMENT, AUTO_INCREMENT=5;

--
-- AUTO_INCREMENT for table `gradingpoint`
--
ALTER TABLE `gradingpoint`
  MODIFY `id` int(11) NOT NULL AUTO_INCREMENT, AUTO_INCREMENT=10;

--
-- AUTO_INCREMENT for table `notification`
--
ALTER TABLE `notification`
  MODIFY `srno` int(11) NOT NULL AUTO_INCREMENT, AUTO_INCREMENT=20;

--
-- AUTO_INCREMENT for table `peo`
--
ALTER TABLE `peo`
  MODIFY `id` int(11) NOT NULL AUTO_INCREMENT;

--
-- AUTO_INCREMENT for table `plo`
--
ALTER TABLE `plo`
  MODIFY `id` int(11) NOT NULL AUTO_INCREMENT, AUTO_INCREMENT=13;

--
-- AUTO_INCREMENT for table `privilege`
--
ALTER TABLE `privilege`
  MODIFY `id` int(11) NOT NULL AUTO_INCREMENT, AUTO_INCREMENT=14;

--
-- AUTO_INCREMENT for table `product`
--
ALTER TABLE `product`
  MODIFY `id` int(11) NOT NULL AUTO_INCREMENT;

--
-- AUTO_INCREMENT for table `role_prev`
--
ALTER TABLE `role_prev`
  MODIFY `sr` int(11) NOT NULL AUTO_INCREMENT, AUTO_INCREMENT=68;

--
-- AUTO_INCREMENT for table `stdedustatus`
--
ALTER TABLE `stdedustatus`
  MODIFY `srno` int(11) NOT NULL AUTO_INCREMENT, AUTO_INCREMENT=97;

--
-- AUTO_INCREMENT for table `stdexaminfo`
--
ALTER TABLE `stdexaminfo`
  MODIFY `srno` int(11) NOT NULL AUTO_INCREMENT, AUTO_INCREMENT=469;

--
-- AUTO_INCREMENT for table `visits`
--
ALTER TABLE `visits`
  MODIFY `srno` int(11) NOT NULL AUTO_INCREMENT, AUTO_INCREMENT=566;

--
-- Constraints for dumped tables
--

--
-- Constraints for table `books`
--
ALTER TABLE `books`
  ADD CONSTRAINT `books_ibfk_1` FOREIGN KEY (`deptId`) REFERENCES `dept` (`id`);

--
-- Constraints for table `challan`
--
ALTER TABLE `challan`
  ADD CONSTRAINT `challan_ibfk_1` FOREIGN KEY (`rollNo`) REFERENCES `stdinfo` (`rollNo`);

--
-- Constraints for table `clo_assesment`
--
ALTER TABLE `clo_assesment`
  ADD CONSTRAINT `clo_assesment_ibfk_1` FOREIGN KEY (`cloId`) REFERENCES `clo` (`id`),
  ADD CONSTRAINT `clo_assesment_ibfk_2` FOREIGN KEY (`assesId`) REFERENCES `assesment_method` (`id`);

--
-- Constraints for table `clo_improvement`
--
ALTER TABLE `clo_improvement`
  ADD CONSTRAINT `clo_improvement_ibfk_1` FOREIGN KEY (`cloId`) REFERENCES `clo` (`id`),
  ADD CONSTRAINT `clo_improvement_ibfk_2` FOREIGN KEY (`assesId`) REFERENCES `assesment_method` (`id`),
  ADD CONSTRAINT `clo_improvement_ibfk_3` FOREIGN KEY (`rollNo`) REFERENCES `stdinfo` (`rollNo`);

--
-- Constraints for table `clo_levels`
--
ALTER TABLE `clo_levels`
  ADD CONSTRAINT `clo_levels_ibfk_1` FOREIGN KEY (`cloId`) REFERENCES `clo` (`id`),
  ADD CONSTRAINT `clo_levels_ibfk_2` FOREIGN KEY (`levelId`) REFERENCES `levels` (`id`);

--
-- Constraints for table `clo_plo`
--
ALTER TABLE `clo_plo`
  ADD CONSTRAINT `clo_plo_ibfk_1` FOREIGN KEY (`cloId`) REFERENCES `clo` (`id`),
  ADD CONSTRAINT `clo_plo_ibfk_2` FOREIGN KEY (`ploId`) REFERENCES `plo` (`id`);

--
-- Constraints for table `courses`
--
ALTER TABLE `courses`
  ADD CONSTRAINT `courses_ibfk_1` FOREIGN KEY (`deptId`) REFERENCES `dept` (`id`);

--
-- Constraints for table `credit_mode`
--
ALTER TABLE `credit_mode`
  ADD CONSTRAINT `credit_mode_ibfk_1` FOREIGN KEY (`courseCode`) REFERENCES `courses` (`courseCode`);

--
-- Constraints for table `crud`
--
ALTER TABLE `crud`
  ADD CONSTRAINT `staff_fk` FOREIGN KEY (`staffId`) REFERENCES `staff` (`id`);

--
-- Constraints for table `dept`
--
ALTER TABLE `dept`
  ADD CONSTRAINT `dept_ibfk_1` FOREIGN KEY (`facultyId`) REFERENCES `faculty` (`id`);

--
-- Constraints for table `documents`
--
ALTER TABLE `documents`
  ADD CONSTRAINT `documents_ibfk_1` FOREIGN KEY (`rollNo`) REFERENCES `stdinfo` (`rollNo`);

--
-- Constraints for table `edusystem`
--
ALTER TABLE `edusystem`
  ADD CONSTRAINT `edusystem_ibfk_1` FOREIGN KEY (`fromBatch`) REFERENCES `batch` (`batch`);

--
-- Constraints for table `empaccountsinfo`
--
ALTER TABLE `empaccountsinfo`
  ADD CONSTRAINT `empaccountsinfo_ibfk_1` FOREIGN KEY (`staffid`) REFERENCES `staff` (`id`);

--
-- Constraints for table `faculty`
--
ALTER TABLE `faculty`
  ADD CONSTRAINT `faculty_ibfk_1` FOREIGN KEY (`campusId`) REFERENCES `campus` (`id`);

--
-- Constraints for table `gradingmarks`
--
ALTER TABLE `gradingmarks`
  ADD CONSTRAINT `gradingmarks_ibfk_1` FOREIGN KEY (`gradeId`) REFERENCES `gradingpoint` (`id`),
  ADD CONSTRAINT `gradingmarks_ibfk_2` FOREIGN KEY (`systemId`) REFERENCES `edusystem` (`id`);

--
-- Constraints for table `issue_book`
--
ALTER TABLE `issue_book`
  ADD CONSTRAINT `issue_book_ibfk_1` FOREIGN KEY (`rollNo`) REFERENCES `customer` (`rollNo`),
  ADD CONSTRAINT `issue_book_ibfk_2` FOREIGN KEY (`ISBN`) REFERENCES `books` (`ISBN`);

--
-- Constraints for table `levels`
--
ALTER TABLE `levels`
  ADD CONSTRAINT `levels_ibfk_1` FOREIGN KEY (`domainId`) REFERENCES `domain` (`id`);

--
-- Constraints for table `memos`
--
ALTER TABLE `memos`
  ADD CONSTRAINT `memos_ibfk_1` FOREIGN KEY (`staffId`) REFERENCES `staff` (`id`);

--
-- Constraints for table `notification`
--
ALTER TABLE `notification`
  ADD CONSTRAINT `notification_ibfk_1` FOREIGN KEY (`staffid`) REFERENCES `staff` (`id`);

--
-- Constraints for table `peo`
--
ALTER TABLE `peo`
  ADD CONSTRAINT `peo_ibfk_1` FOREIGN KEY (`deptId`) REFERENCES `dept` (`id`);

--
-- Constraints for table `peo_plo`
--
ALTER TABLE `peo_plo`
  ADD CONSTRAINT `peo_plo_ibfk_1` FOREIGN KEY (`id`) REFERENCES `peo` (`id`),
  ADD CONSTRAINT `peo_plo_ibfk_2` FOREIGN KEY (`ploId`) REFERENCES `plo` (`id`);

--
-- Constraints for table `practicals`
--
ALTER TABLE `practicals`
  ADD CONSTRAINT `practicals_ibfk_1` FOREIGN KEY (`courseCode`) REFERENCES `courses` (`courseCode`);

--
-- Constraints for table `price_details`
--
ALTER TABLE `price_details`
  ADD CONSTRAINT `price_details_ibfk_1` FOREIGN KEY (`categoryId`) REFERENCES `category` (`id`);

--
-- Constraints for table `product`
--
ALTER TABLE `product`
  ADD CONSTRAINT `product_ibfk_1` FOREIGN KEY (`categoryId`) REFERENCES `category` (`id`),
  ADD CONSTRAINT `product_ibfk_2` FOREIGN KEY (`deptId`) REFERENCES `dept` (`id`);

--
-- Constraints for table `return_book`
--
ALTER TABLE `return_book`
  ADD CONSTRAINT `return_book_ibfk_1` FOREIGN KEY (`rollNo`) REFERENCES `customer` (`rollNo`),
  ADD CONSTRAINT `return_book_ibfk_2` FOREIGN KEY (`ISBN`) REFERENCES `books` (`ISBN`);

--
-- Constraints for table `role_prev`
--
ALTER TABLE `role_prev`
  ADD CONSTRAINT `role_prev_ibfk_1` FOREIGN KEY (`prevId`) REFERENCES `privilege` (`id`),
  ADD CONSTRAINT `role_prev_ibfk_2` FOREIGN KEY (`id`) REFERENCES `role` (`id`);

--
-- Constraints for table `stdedustatus`
--
ALTER TABLE `stdedustatus`
  ADD CONSTRAINT `stdedustatus_ibfk_1` FOREIGN KEY (`rollNo`) REFERENCES `stdinfo` (`rollNo`);

--
-- Constraints for table `stdexaminfo`
--
ALTER TABLE `stdexaminfo`
  ADD CONSTRAINT `stdexaminfo_ibfk_1` FOREIGN KEY (`rollNo`) REFERENCES `stdinfo` (`rollNo`),
  ADD CONSTRAINT `stdexaminfo_ibfk_2` FOREIGN KEY (`courseId`) REFERENCES `courses` (`courseCode`);

--
-- Constraints for table `stdinfo`
--
ALTER TABLE `stdinfo`
  ADD CONSTRAINT `stdinfo_ibfk_1` FOREIGN KEY (`deptId`) REFERENCES `dept` (`id`),
  ADD CONSTRAINT `stdinfo_ibfk_2` FOREIGN KEY (`deptId`) REFERENCES `dept` (`id`);

--
-- Constraints for table `std_clo`
--
ALTER TABLE `std_clo`
  ADD CONSTRAINT `std_clo_ibfk_1` FOREIGN KEY (`cloId`) REFERENCES `clo` (`id`),
  ADD CONSTRAINT `std_clo_ibfk_2` FOREIGN KEY (`assesId`) REFERENCES `assesment_method` (`id`),
  ADD CONSTRAINT `std_clo_ibfk_3` FOREIGN KEY (`rollNo`) REFERENCES `stdinfo` (`rollNo`);

--
-- Constraints for table `std_plo`
--
ALTER TABLE `std_plo`
  ADD CONSTRAINT `std_plo_ibfk_1` FOREIGN KEY (`ploId`) REFERENCES `plo` (`id`),
  ADD CONSTRAINT `std_plo_ibfk_2` FOREIGN KEY (`rollNo`) REFERENCES `stdinfo` (`rollNo`),
  ADD CONSTRAINT `std_plo_ibfk_3` FOREIGN KEY (`cloId`) REFERENCES `clo` (`id`);

--
-- Constraints for table `subjectteacher`
--
ALTER TABLE `subjectteacher`
  ADD CONSTRAINT `subjectteacher_ibfk_2` FOREIGN KEY (`courseCode`) REFERENCES `courses` (`courseCode`),
  ADD CONSTRAINT `subjectteacher_ibfk_3` FOREIGN KEY (`staffId`) REFERENCES `staff` (`id`);

--
-- Constraints for table `subject_clo`
--
ALTER TABLE `subject_clo`
  ADD CONSTRAINT `subject_clo_ibfk_1` FOREIGN KEY (`courseCode`) REFERENCES `courses` (`courseCode`);
COMMIT;

/*!40101 SET CHARACTER_SET_CLIENT=@OLD_CHARACTER_SET_CLIENT */;
/*!40101 SET CHARACTER_SET_RESULTS=@OLD_CHARACTER_SET_RESULTS */;
/*!40101 SET COLLATION_CONNECTION=@OLD_COLLATION_CONNECTION */;
